# timestamp,time_from_start,face,face_filtered,nose,nose_filtered,background
1467799058.322,0.000,33.626,nan,31.838,nan,23.107
1467799059.320,0.998,33.992,nan,31.997,nan,23.089
1467799060.344,2.022,33.787,nan,31.839,nan,23.305
1467799061.371,3.049,33.894,nan,31.812,nan,23.181
1467799062.391,4.069,33.955,nan,32.049,nan,23.120
1467799063.413,5.091,33.947,nan,31.948,nan,23.143
1467799064.436,6.114,33.919,nan,31.915,nan,23.200
1467799065.460,7.138,33.948,nan,31.781,nan,23.228
1467799066.493,8.171,33.975,nan,31.929,nan,23.214
1467799067.523,9.201,33.954,nan,31.685,nan,23.219
1467799068.551,10.229,33.975,nan,31.739,nan,23.236
1467799069.569,11.247,33.963,nan,31.671,nan,23.200
1467799070.595,12.273,33.975,nan,31.615,nan,23.192
1467799071.623,13.301,34.004,nan,31.889,nan,23.151
1467799072.646,14.324,33.976,nan,31.946,nan,23.192
1467799073.669,15.347,33.988,nan,32.021,nan,23.178
1467799074.697,16.375,34.017,nan,32.032,nan,23.152
1467799075.722,17.400,33.953,nan,31.846,nan,23.151
1467799076.754,18.432,34.037,nan,32.036,nan,23.085
1467799077.777,19.455,34.072,nan,32.105,nan,23.121
1467799078.807,20.485,34.074,nan,32.061,nan,23.078
1467799079.824,21.502,34.048,nan,31.968,nan,23.090
1467799080.851,22.529,34.101,nan,32.064,nan,22.983
1467799081.879,23.557,33.950,nan,31.975,nan,23.198
1467799082.905,24.583,33.989,nan,32.013,nan,23.118
1467799083.923,25.601,34.027,nan,32.061,nan,23.073
1467799084.950,26.628,34.016,33.977,32.010,31.974,23.089
1467799085.972,27.650,33.954,33.984,31.944,31.981,23.128
1467799087.013,28.691,34.028,33.990,31.800,31.986,23.077
1467799088.028,29.706,33.992,33.990,31.978,31.991,23.098
1467799089.057,30.735,34.031,33.993,32.117,31.996,23.037
1467799090.084,31.762,34.006,33.994,32.049,32.001,23.112
1467799091.108,32.786,33.935,33.995,31.861,32.002,23.213
1467799092.132,33.810,33.973,33.996,31.982,32.006,23.177
1467799093.152,34.830,33.997,33.997,32.164,32.011,23.178
1467799094.184,35.862,33.995,33.998,31.991,32.018,23.147
1467799095.211,36.889,33.994,33.997,31.990,32.021,23.193
1467799096.227,37.905,33.916,33.998,31.918,32.029,23.314
1467799097.266,38.944,34.021,33.998,32.031,32.035,23.182
1467799098.531,40.209,33.956,34.001,31.792,32.042,23.177
1467799100.220,41.898,34.019,34.003,32.125,32.045,23.169
1467799101.245,42.923,33.928,34.004,32.005,32.046,23.321
1467799102.278,43.956,33.969,34.006,31.836,32.049,23.245
1467799103.301,44.979,33.926,34.009,32.083,32.053,23.280
1467799104.323,46.001,33.997,34.009,32.114,32.057,23.193
1467799105.351,47.029,34.058,34.011,32.226,32.062,23.053
1467799106.382,48.060,34.100,34.010,32.250,32.065,23.029
1467799107.403,49.081,33.992,34.010,32.051,32.066,23.183
1467799108.429,50.107,33.965,34.009,31.950,32.065,23.252
1467799109.453,51.131,34.070,34.009,32.228,32.068,23.165
1467799110.486,52.164,34.041,34.008,32.082,32.071,23.177
1467799111.510,53.188,33.985,34.008,32.122,32.075,23.233
1467799112.532,54.210,34.028,34.008,32.069,32.078,23.117
1467799113.554,55.232,34.054,34.008,32.146,32.081,23.135
1467799114.581,56.259,34.018,34.007,32.192,32.085,23.227
1467799115.603,57.281,33.968,34.008,32.137,32.092,23.228
1467799116.637,58.315,34.014,34.008,32.276,32.101,23.193
1467799117.654,59.332,33.933,34.008,32.093,32.107,23.268
1467799118.794,60.472,33.949,34.006,32.076,32.110,23.266
1467799119.822,61.500,34.012,34.006,32.143,32.116,23.186
1467799120.851,62.529,33.988,34.008,32.169,32.125,23.261
1467799121.878,63.556,33.969,34.009,32.146,32.133,23.319
1467799122.902,64.580,34.004,34.009,32.179,32.134,23.283
1467799123.927,65.605,33.958,34.009,32.090,32.139,23.280
1467799124.948,66.626,33.994,34.009,32.133,32.144,23.188
1467799125.977,67.655,33.951,34.010,32.060,32.150,23.244
1467799127.006,68.684,34.139,34.009,32.086,32.158,23.311
1467799128.030,69.708,34.104,34.008,31.764,32.165,23.247
1467799129.054,70.732,34.049,34.006,31.929,32.169,23.273
1467799130.087,71.765,34.076,34.006,32.118,32.172,23.219
1467799131.114,72.792,34.158,34.005,32.247,32.184,23.196
1467799132.133,73.811,34.003,34.005,32.228,32.191,23.181
1467799133.163,74.841,34.063,34.002,32.163,32.196,23.123
1467799134.186,75.864,33.992,33.999,32.164,32.198,23.113
1467799135.209,76.887,34.070,33.993,32.167,32.203,23.126
1467799136.232,77.910,34.050,33.991,31.993,32.210,23.155
1467799137.259,78.937,34.017,33.988,32.143,32.218,23.174
1467799138.291,79.969,34.058,33.986,32.227,32.219,23.082
1467799139.314,80.992,33.967,33.981,32.231,32.222,23.159
1467799140.340,82.018,33.984,33.980,32.178,32.230,23.090
1467799141.362,83.040,33.982,33.980,32.200,32.238,23.070
1467799142.385,84.063,33.998,33.979,32.247,32.247,23.049
1467799143.414,85.092,34.012,33.979,32.343,32.252,23.024
1467799144.431,86.109,33.996,33.981,32.253,32.256,23.096
1467799145.460,87.138,34.010,33.980,32.331,32.256,23.128
1467799146.481,88.159,33.945,33.981,32.270,32.261,23.140
1467799147.507,89.185,34.000,33.982,32.391,32.270,23.177
1467799148.540,90.218,34.017,33.983,32.340,32.279,23.177
1467799149.573,91.251,34.019,33.985,32.423,32.288,23.208
1467799150.595,92.273,33.987,33.987,32.214,32.299,23.236
1467799151.620,93.298,34.015,33.987,32.276,32.306,23.284
1467799152.638,94.316,34.027,33.987,32.265,32.314,23.287
1467799153.667,95.345,33.952,33.985,32.273,32.324,23.327
1467799154.696,96.374,33.943,33.985,32.441,32.336,23.329
1467799155.716,97.394,33.896,33.981,32.170,32.346,23.417
1467799156.745,98.423,33.934,33.980,32.341,32.364,23.334
1467799157.763,99.441,33.928,33.979,32.196,32.380,23.325
1467799158.797,100.475,33.935,33.977,32.493,32.393,23.312
1467799159.834,101.512,33.897,33.974,32.460,32.403,23.369
1467799160.851,102.529,33.857,33.974,32.381,32.414,23.451
1467799161.876,103.554,33.869,33.973,32.381,32.427,23.442
1467799162.893,104.571,33.797,33.973,32.477,32.440,23.449
1467799163.919,105.597,33.840,33.971,32.461,32.452,23.411
1467799164.954,106.632,33.829,33.970,32.366,32.470,23.369
1467799165.976,107.654,33.924,33.971,32.327,32.482,23.369
1467799167.002,108.680,33.773,33.970,32.233,32.490,23.398
1467799168.020,109.698,33.949,33.971,32.533,32.498,23.359
1467799169.053,110.731,34.019,33.972,32.541,32.507,23.368
1467799170.087,111.765,34.032,33.974,32.603,32.518,23.307
1467799171.106,112.784,33.991,33.974,32.494,32.527,23.329
1467799172.137,113.815,34.064,33.974,32.335,32.535,23.308
1467799173.154,114.832,33.974,33.974,32.279,32.544,23.347
1467799174.185,115.863,33.999,33.973,32.377,32.551,23.366
1467799175.210,116.888,34.013,33.972,32.569,32.560,23.370
1467799176.234,117.912,34.069,33.971,32.656,32.567,23.251
1467799177.258,118.936,34.096,33.969,32.666,32.573,23.257
1467799178.287,119.965,34.039,33.968,32.739,32.582,23.358
1467799179.312,120.990,34.004,33.970,32.567,32.594,23.412
1467799180.339,122.017,33.975,33.971,32.556,32.608,23.397
1467799181.361,123.039,33.904,33.971,32.668,32.620,23.351
1467799182.392,124.070,33.931,33.972,32.683,32.632,23.519
1467799183.413,125.091,33.938,33.973,32.672,32.638,23.502
1467799184.431,126.109,34.022,33.974,32.755,32.651,23.418
1467799185.457,127.135,34.020,33.975,32.809,32.660,23.405
1467799186.488,128.166,33.946,33.977,32.833,32.673,23.527
1467799187.508,129.186,34.008,33.976,32.762,32.677,23.494
1467799188.534,130.212,34.019,33.976,32.882,32.682,23.479
1467799189.569,131.247,34.005,33.979,32.866,32.688,23.463
1467799190.597,132.275,33.960,33.982,32.869,32.694,23.513
1467799191.615,133.293,33.967,33.986,32.850,32.697,23.490
1467799192.645,134.323,34.014,33.989,32.978,32.700,23.458
1467799193.669,135.347,34.052,33.993,32.763,32.707,23.434
1467799194.692,136.370,34.000,33.995,32.671,32.716,23.442
1467799195.723,137.401,34.032,34.000,32.711,32.726,23.481
1467799196.743,138.421,34.012,34.002,32.623,32.732,23.416
1467799197.767,139.445,34.102,34.001,32.800,32.735,23.280
1467799198.788,140.466,34.016,34.000,32.788,32.742,23.398
1467799199.822,141.500,34.011,34.000,32.753,32.750,23.402
1467799200.852,142.530,34.011,33.999,32.754,32.759,23.434
1467799201.866,143.544,33.934,33.999,32.742,32.770,23.572
1467799203.015,144.693,33.914,33.999,32.740,32.779,23.506
1467799204.044,145.722,33.928,33.999,32.780,32.784,23.506
1467799205.058,146.736,33.881,33.999,32.668,32.792,23.548
1467799206.085,147.763,34.013,33.997,32.903,32.797,23.418
1467799207.124,148.802,34.064,33.998,32.908,32.803,23.439
1467799208.144,149.822,34.063,33.998,33.048,32.812,23.373
1467799209.160,150.838,34.050,34.000,32.930,32.820,23.347
1467799210.184,151.862,34.004,34.001,32.881,32.825,23.360
1467799211.213,152.891,33.978,34.003,32.773,32.831,23.493
1467799212.248,153.926,33.957,34.003,32.915,32.835,23.478
1467799213.270,154.948,33.994,34.003,32.849,32.840,23.452
1467799214.293,155.971,34.032,34.002,32.918,32.844,23.391
1467799215.316,156.994,33.896,34.002,32.669,32.847,23.620
1467799216.338,158.016,33.911,34.000,32.763,32.851,23.603
1467799217.373,159.051,34.005,33.998,32.696,32.853,23.585
1467799218.398,160.076,34.006,33.997,32.695,32.854,23.549
1467799219.421,161.099,34.047,33.997,32.658,32.858,23.553
1467799220.450,162.128,34.004,33.996,32.651,32.862,23.582
1467799221.470,163.148,34.026,33.994,32.719,32.862,23.589
1467799222.503,164.181,34.037,33.992,32.828,32.869,23.608
1467799223.531,165.209,34.040,33.990,32.815,32.875,23.518
1467799224.550,166.228,34.073,33.988,32.832,32.878,23.508
1467799225.581,167.259,33.958,33.990,32.735,32.888,23.581
1467799226.609,168.287,33.980,33.992,32.947,32.892,23.570
1467799227.632,169.310,34.020,33.995,32.935,32.896,23.574
1467799228.650,170.328,33.983,33.999,32.870,32.903,23.546
1467799229.673,171.351,33.966,34.000,32.871,32.909,23.560
1467799230.705,172.383,34.039,34.002,32.879,32.917,23.581
1467799231.736,173.414,34.004,34.006,32.849,32.928,23.595
1467799232.762,174.440,34.051,34.009,33.064,32.934,23.539
1467799233.783,175.461,34.003,34.013,32.971,32.943,23.535
1467799234.813,176.491,34.063,34.015,33.033,32.948,23.422
1467799235.834,177.512,34.030,34.014,33.063,32.951,23.510
1467799236.861,178.539,34.049,34.014,33.033,32.956,23.485
1467799237.892,179.570,34.001,34.014,32.925,32.960,23.567
1467799238.904,180.582,34.000,34.015,32.984,32.967,23.588
1467799239.928,181.606,33.942,34.017,32.905,32.976,23.634
1467799240.961,182.639,34.018,34.019,33.025,32.981,23.558
1467799241.996,183.674,33.986,34.019,33.042,32.987,23.604
1467799243.016,184.694,33.972,34.020,32.989,32.992,23.565
1467799244.038,185.716,33.855,34.022,32.991,33.001,23.656
1467799245.063,186.741,33.929,34.025,32.985,33.011,23.671
1467799246.086,187.764,33.952,34.026,32.947,33.021,23.602
1467799247.117,188.795,33.965,34.026,33.094,33.031,23.601
1467799248.139,189.817,33.902,34.026,33.068,33.042,23.707
1467799249.163,190.841,33.905,34.026,32.985,33.053,23.665
1467799250.190,191.868,33.956,34.025,33.141,33.059,23.620
1467799251.209,192.887,33.869,34.024,32.977,33.066,23.674
1467799252.245,193.923,33.908,34.025,32.892,33.073,23.712
1467799253.272,194.950,34.138,34.025,33.138,33.079,23.593
1467799254.298,195.976,34.216,34.027,33.025,33.091,23.576
1467799255.327,197.005,34.187,34.029,33.037,33.097,23.583
1467799256.346,198.024,34.204,34.030,33.152,33.103,23.562
1467799257.371,199.049,34.111,34.032,33.087,33.111,23.611
1467799258.398,200.076,34.035,34.035,33.178,33.120,23.665
1467799259.427,201.105,34.120,34.035,33.301,33.129,23.580
1467799260.441,202.119,34.067,34.036,33.145,33.140,23.603
1467799261.467,203.145,34.134,34.037,33.129,33.147,23.468
1467799262.500,204.178,34.097,34.038,33.180,33.156,23.565
1467799263.533,205.211,34.011,34.037,33.112,33.162,23.683
1467799264.554,206.232,34.078,34.039,33.295,33.169,23.582
1467799265.571,207.249,34.061,34.039,33.168,33.178,23.565
1467799266.606,208.284,34.055,34.040,33.246,33.187,23.526
1467799267.621,209.299,34.055,34.040,33.256,33.191,23.519
1467799268.652,210.330,34.070,34.041,33.225,33.198,23.532
1467799269.676,211.354,34.024,34.042,33.164,33.205,23.525
1467799270.698,212.376,34.084,34.044,33.213,33.211,23.404
1467799271.728,213.406,33.975,34.046,33.167,33.219,23.609
1467799272.754,214.432,34.081,34.050,33.280,33.226,23.544
1467799273.784,215.462,34.077,34.054,33.260,33.235,23.549
1467799274.809,216.487,34.003,34.055,33.242,33.243,23.647
1467799275.834,217.512,34.048,34.056,33.273,33.243,23.594
1467799276.861,218.539,34.019,34.057,33.264,33.247,23.648
1467799277.874,219.552,33.964,34.058,33.030,33.251,23.645
1467799278.916,220.594,33.998,34.058,33.194,33.251,23.616
1467799279.934,221.612,34.079,34.059,33.235,33.255,23.655
1467799280.951,222.629,34.064,34.061,33.152,33.262,23.699
1467799281.977,223.655,34.067,34.058,33.379,33.263,23.692
1467799283.003,224.681,34.087,34.053,33.272,33.264,23.649
1467799284.154,225.832,34.089,34.051,33.276,33.269,23.607
1467799285.182,226.860,34.105,34.048,33.319,33.270,23.587
1467799286.203,227.881,34.119,34.048,33.366,33.274,23.626
1467799287.231,228.909,34.033,34.048,33.365,33.272,23.766
1467799288.254,229.932,34.078,34.048,33.447,33.271,23.713
1467799289.282,230.960,34.118,34.049,33.463,33.278,23.708
1467799290.308,231.986,34.046,34.050,33.461,33.286,23.815
1467799291.327,233.005,33.997,34.052,33.349,33.292,23.814
1467799292.365,234.043,34.132,34.056,33.463,33.297,23.615
1467799293.375,235.053,34.052,34.059,33.521,33.300,23.699
1467799294.420,236.098,34.078,34.063,33.426,33.304,23.690
1467799295.431,237.109,34.002,34.066,33.233,33.309,23.797
1467799296.457,238.135,33.956,34.069,33.263,33.313,23.865
1467799297.487,239.165,34.117,34.071,33.436,33.318,23.664
1467799298.511,240.189,34.086,34.073,33.353,33.323,23.680
1467799299.540,241.218,34.070,34.072,33.402,33.326,23.644
1467799300.562,242.240,34.101,34.074,33.413,33.332,23.644
1467799301.581,243.259,34.110,34.075,33.488,33.334,23.646
1467799302.610,244.288,34.044,34.075,33.368,33.336,23.621
1467799303.631,245.309,33.989,34.076,33.097,33.339,23.696
1467799304.655,246.333,33.957,34.076,33.273,33.341,23.604
1467799305.691,247.369,33.978,34.078,33.227,33.343,23.609
1467799306.715,248.393,33.918,34.080,33.133,33.348,23.746
1467799307.736,249.414,33.934,34.081,33.212,33.350,23.704
1467799308.756,250.434,34.040,34.082,33.239,33.351,23.672
1467799309.780,251.458,33.957,34.082,33.195,33.352,23.773
1467799310.813,252.491,33.972,34.080,33.120,33.349,23.703
1467799311.838,253.516,34.055,34.078,33.260,33.348,23.629
1467799312.869,254.547,34.060,34.075,33.231,33.349,23.572
1467799313.892,255.570,34.095,34.073,33.282,33.348,23.542
1467799314.916,256.594,34.047,34.072,33.092,33.347,23.595
1467799315.936,257.614,34.106,34.072,33.230,33.345,23.545
1467799316.981,258.659,34.109,34.073,33.532,33.343,23.622
1467799317.997,259.675,34.178,34.074,33.602,33.340,23.552
1467799319.024,260.702,34.245,34.075,33.502,33.337,23.596
1467799320.043,261.721,34.231,34.076,33.385,33.336,23.545
1467799321.077,262.755,34.228,34.077,33.443,33.334,23.561
1467799322.098,263.776,34.266,34.079,33.414,33.330,23.554
1467799323.118,264.796,34.225,34.081,33.512,33.329,23.530
1467799324.142,265.820,34.257,34.083,33.482,33.331,23.510
1467799325.179,266.857,34.179,34.086,33.498,33.333,23.576
1467799326.202,267.880,34.105,34.087,33.412,33.332,23.699
1467799327.228,268.906,34.059,34.088,33.406,33.332,23.646
1467799328.250,269.928,34.073,34.088,33.464,33.330,23.645
1467799329.278,270.956,34.119,34.090,33.416,33.329,23.578
1467799330.298,271.976,34.057,34.091,33.367,33.330,23.654
1467799331.333,273.011,34.093,34.094,33.400,33.331,23.640
1467799332.357,274.035,34.061,34.098,33.369,33.339,23.638
1467799333.379,275.057,34.097,34.100,33.382,33.340,23.643
1467799334.396,276.074,34.071,34.102,33.333,33.342,23.616
1467799335.437,277.115,34.062,34.105,33.271,33.345,23.600
1467799336.464,278.142,34.114,34.109,33.295,33.349,23.526
1467799337.484,279.162,34.081,34.111,33.231,33.352,23.635
1467799338.505,280.183,33.942,34.115,33.221,33.357,23.706
1467799339.532,281.210,33.971,34.117,33.222,33.362,23.708
1467799340.558,282.236,33.959,34.118,33.300,33.366,23.827
1467799341.586,283.264,34.005,34.119,33.290,33.371,23.729
1467799342.617,284.295,34.037,34.120,33.282,33.373,23.667
1467799343.635,285.313,34.037,34.120,33.241,33.377,23.678
1467799344.655,286.333,34.154,34.121,33.352,33.381,23.665
1467799345.692,287.370,34.168,34.121,33.293,33.381,23.579
1467799346.714,288.392,34.079,34.120,33.288,33.378,23.713
1467799347.745,289.423,34.085,34.118,33.312,33.378,23.565
1467799348.768,290.446,34.146,34.115,33.329,33.380,23.572
1467799349.895,291.573,34.154,34.115,33.346,33.382,23.540
1467799350.930,292.608,34.198,34.113,33.359,33.383,23.522
1467799351.953,293.631,34.145,34.112,33.346,33.385,23.524
1467799352.982,294.660,34.106,34.110,33.381,33.384,23.562
1467799354.003,295.681,34.183,34.109,33.385,33.384,23.503
1467799355.037,296.715,34.141,34.111,33.351,33.387,23.549
1467799356.053,297.731,34.082,34.113,33.284,33.389,23.621
1467799357.087,298.765,34.195,34.115,33.363,33.390,23.528
1467799358.105,299.783,34.166,34.117,33.505,33.394,23.556
1467799359.133,300.811,34.218,34.118,33.433,33.397,23.490
1467799360.159,301.837,34.169,34.120,33.543,33.402,23.509
1467799361.186,302.864,34.084,34.121,33.316,33.406,23.586
1467799362.210,303.888,34.091,34.123,33.330,33.410,23.645
1467799363.232,304.910,34.113,34.123,33.346,33.415,23.567
1467799364.261,305.939,34.134,34.125,33.401,33.418,23.554
1467799365.290,306.968,34.145,34.127,33.425,33.423,23.495
1467799366.309,307.987,34.183,34.128,33.440,33.432,23.468
1467799367.346,309.024,34.055,34.129,33.409,33.439,23.661
1467799368.362,310.040,34.129,34.129,33.488,33.446,23.609
1467799369.400,311.078,34.127,34.131,33.477,33.453,23.583
1467799370.417,312.095,34.140,34.133,33.434,33.461,23.532
1467799371.433,313.111,34.039,34.135,33.314,33.464,23.657
1467799372.468,314.146,34.141,34.138,33.424,33.470,23.555
1467799373.491,315.169,34.142,34.138,33.512,33.473,23.553
1467799374.513,316.191,34.104,34.139,33.471,33.477,23.563
1467799375.540,317.218,34.150,34.142,33.507,33.480,23.501
1467799376.567,318.245,34.089,34.145,33.474,33.483,23.524
1467799377.594,319.272,34.189,34.147,33.551,33.486,23.461
1467799378.624,320.302,34.150,34.147,33.499,33.488,23.452
1467799379.650,321.328,34.196,34.146,33.584,33.493,23.471
1467799380.673,322.351,34.136,34.147,33.459,33.495,23.485
1467799381.690,323.368,34.154,34.149,33.511,33.499,23.584
1467799382.724,324.402,34.202,34.147,33.537,33.507,23.530
1467799383.752,325.430,34.174,34.145,33.535,33.512,23.546
1467799384.785,326.463,34.176,34.144,33.537,33.519,23.444
1467799385.799,327.477,34.204,34.143,33.629,33.527,23.428
1467799386.820,328.498,34.144,34.140,33.525,33.530,23.608
1467799387.856,329.534,34.169,34.136,33.668,33.535,23.593
1467799388.878,330.556,34.147,34.133,33.571,33.537,23.571
1467799389.905,331.583,34.179,34.132,33.623,33.544,23.534
1467799390.929,332.607,34.061,34.130,33.591,33.549,23.582
1467799391.954,333.632,34.174,34.128,33.468,33.555,23.600
1467799392.979,334.657,34.269,34.127,33.577,33.560,23.490
1467799394.003,335.681,34.084,34.129,33.690,33.567,23.575
1467799395.027,336.705,34.049,34.130,33.609,33.569,23.642
1467799396.055,337.733,33.968,34.135,33.590,33.573,23.661
1467799397.083,338.761,34.055,34.140,33.727,33.575,23.615
1467799398.098,339.776,34.123,34.142,33.740,33.578,23.631
1467799399.135,340.813,34.157,34.144,33.443,33.578,23.543
1467799400.162,341.840,34.193,34.147,33.524,33.580,23.598
1467799401.186,342.864,34.157,34.147,33.527,33.581,23.678
1467799402.212,343.890,34.217,34.147,33.522,33.579,23.667
1467799403.228,344.906,34.224,34.147,33.441,33.580,23.678
1467799404.267,345.945,34.270,34.148,33.521,33.581,23.629
1467799405.285,346.963,34.223,34.149,33.461,33.584,23.751
1467799406.308,347.986,34.193,34.146,33.480,33.586,23.704
1467799407.338,349.016,34.141,34.147,33.619,33.588,23.693
1467799408.364,350.042,34.168,34.149,33.470,33.589,23.768
1467799409.401,351.079,34.213,34.152,33.569,33.591,23.769
1467799410.419,352.097,34.093,34.155,33.849,33.592,23.736
1467799411.443,353.121,34.031,34.157,33.633,33.593,23.755
1467799412.466,354.144,34.047,34.160,33.657,33.593,23.771
1467799413.498,355.176,34.089,34.162,33.824,33.595,23.734
1467799414.510,356.188,34.012,34.163,33.663,33.593,23.752
1467799415.536,357.214,34.015,34.165,33.689,33.593,23.738
1467799416.563,358.241,34.018,34.167,33.683,33.589,23.712
1467799417.589,359.267,34.024,34.171,33.680,33.590,23.711
1467799418.617,360.295,33.992,34.171,33.611,33.591,23.790
1467799419.647,361.325,34.002,34.174,33.642,33.588,23.737
1467799420.668,362.346,34.064,34.174,33.690,33.588,23.655
1467799421.695,363.373,34.255,34.173,33.812,33.588,23.602
1467799422.715,364.393,34.243,34.175,33.560,33.585,23.630
1467799423.747,365.425,34.340,34.177,33.613,33.585,23.575
1467799424.776,366.454,34.356,34.180,33.631,33.583,23.610
1467799425.796,367.474,34.283,34.181,33.633,33.577,23.681
1467799426.819,368.497,34.208,34.180,33.397,33.571,23.695
1467799427.853,369.531,34.217,34.180,33.461,33.572,23.684
1467799428.872,370.550,34.164,34.180,33.479,33.571,23.768
1467799429.904,371.582,34.132,34.180,33.416,33.569,23.832
1467799430.928,372.606,34.125,34.179,33.514,33.568,23.761
1467799431.955,373.633,34.201,34.178,33.542,33.567,23.605
1467799432.972,374.650,34.097,34.175,33.640,33.564,23.699
1467799434.120,375.798,34.075,34.174,33.689,33.564,23.748
1467799435.150,376.828,34.182,34.172,33.565,33.563,23.640
1467799436.173,377.851,34.312,34.172,33.669,33.560,23.542
1467799437.195,378.873,34.297,34.171,33.539,33.557,23.552
1467799438.212,379.890,34.329,34.170,33.605,33.553,23.495
1467799439.246,380.924,34.294,34.170,33.556,33.543,23.548
1467799440.276,381.954,34.321,34.172,33.552,33.537,23.634
1467799441.299,382.977,34.284,34.173,33.638,33.531,23.542
1467799442.325,384.003,34.269,34.174,33.538,33.522,23.592
1467799443.355,385.033,34.245,34.175,33.519,33.516,23.582
1467799444.365,386.043,34.281,34.177,33.455,33.510,23.588
1467799445.394,387.072,34.361,34.180,33.592,33.509,23.480
1467799446.428,388.106,34.228,34.180,33.689,33.505,23.454
1467799447.450,389.128,34.205,34.181,33.446,33.502,23.480
1467799448.473,390.151,34.188,34.182,33.444,33.499,23.526
1467799449.495,391.173,34.193,34.183,33.570,33.496,23.559
1467799450.537,392.215,34.174,34.180,33.532,33.489,23.564
1467799451.553,393.231,34.203,34.179,33.622,33.488,23.500
1467799452.573,394.251,34.121,34.176,33.501,33.489,23.555
1467799453.606,395.284,34.085,34.173,33.394,33.487,23.566
1467799454.634,396.312,34.098,34.168,33.383,33.482,23.538
1467799455.663,397.341,34.171,34.167,33.499,33.486,23.460
1467799456.686,398.364,34.140,34.164,33.455,33.489,23.505
1467799457.703,399.381,34.173,34.163,33.456,33.491,23.464
1467799458.726,400.404,34.148,34.161,33.435,33.492,23.497
1467799459.757,401.435,34.173,34.160,33.379,33.491,23.503
1467799460.790,402.468,34.111,34.157,33.404,33.490,23.539
1467799461.812,403.490,34.191,34.158,33.432,33.488,23.480
1467799462.840,404.518,34.090,34.159,33.440,33.484,23.575
1467799463.865,405.543,34.146,34.157,33.434,33.485,23.514
1467799464.887,406.565,34.110,34.155,33.297,33.484,23.559
1467799465.919,407.597,34.136,34.153,33.361,33.487,23.557
1467799466.931,408.609,34.079,34.149,33.282,33.485,23.583
1467799467.964,409.642,34.142,34.144,33.338,33.486,23.518
1467799468.983,410.661,34.121,34.140,33.330,33.483,23.480
1467799470.011,411.689,34.129,34.135,33.290,33.481,23.458
1467799471.047,412.725,34.067,34.131,33.340,33.478,23.495
1467799472.072,413.750,34.131,34.128,33.368,33.476,23.490
1467799473.098,414.776,34.171,34.124,33.632,33.478,23.445
1467799474.115,415.793,34.028,34.119,33.474,33.477,23.616
1467799475.154,416.832,34.068,34.116,33.455,33.476,23.565
1467799476.170,417.848,34.081,34.113,33.456,33.476,23.447
1467799477.194,418.872,34.116,34.112,33.548,33.480,23.498
1467799478.219,419.897,34.081,34.112,33.409,33.474,23.465
1467799479.248,420.926,34.155,34.112,33.508,33.469,23.358
1467799480.268,421.946,34.182,34.112,33.644,33.467,23.368
1467799481.294,422.972,34.195,34.112,33.539,33.464,23.360
1467799482.328,424.006,34.019,34.114,33.381,33.464,23.585
1467799483.347,425.025,34.128,34.115,33.596,33.465,23.433
1467799484.372,426.050,34.083,34.114,33.642,33.464,23.466
1467799485.403,427.081,34.108,34.114,33.563,33.462,23.492
1467799486.425,428.103,34.034,34.114,33.488,33.460,23.521
1467799487.451,429.129,34.054,34.114,33.472,33.456,23.509
1467799488.471,430.149,34.043,34.115,33.451,33.455,23.493
1467799489.495,431.173,34.134,34.118,33.549,33.458,23.440
1467799490.527,432.205,34.125,34.118,33.474,33.457,23.462
1467799491.554,433.232,34.113,34.119,33.632,33.457,23.472
1467799492.580,434.258,34.169,34.119,33.619,33.457,23.483
1467799493.609,435.287,34.189,34.119,33.693,33.459,23.400
1467799494.628,436.306,34.096,34.120,33.508,33.461,23.531
1467799495.660,437.338,34.059,34.122,33.558,33.464,23.553
1467799496.683,438.361,34.058,34.122,33.410,33.466,23.542
1467799497.702,439.380,34.058,34.123,33.514,33.468,23.540
1467799498.735,440.413,34.035,34.124,33.387,33.471,23.597
1467799499.750,441.428,34.057,34.128,33.438,33.477,23.548
1467799500.782,442.460,34.059,34.129,33.546,33.481,23.548
1467799501.813,443.491,34.074,34.129,33.540,33.478,23.582
1467799502.835,444.513,34.069,34.131,33.640,33.479,23.525
1467799503.859,445.537,34.074,34.134,33.426,33.481,23.504
1467799504.884,446.562,34.134,34.138,33.645,33.486,23.490
1467799505.911,447.589,34.150,34.140,33.258,33.488,23.476
1467799506.934,448.612,34.192,34.143,33.278,33.492,23.398
1467799507.958,449.636,34.228,34.144,33.482,33.494,23.384
1467799508.990,450.668,34.129,34.146,33.355,33.494,23.524
1467799510.016,451.694,34.184,34.147,33.395,33.495,23.428
1467799511.039,452.717,34.121,34.150,33.410,33.500,23.452
1467799512.070,453.748,34.138,34.151,33.467,33.500,23.478
1467799513.096,454.774,34.147,34.153,33.355,33.498,23.462
1467799514.119,455.797,34.154,34.154,33.323,33.497,23.442
1467799515.260,456.938,34.152,34.158,33.212,33.501,23.501
1467799516.285,457.963,34.220,34.160,33.316,33.505,23.414
1467799517.309,458.987,34.281,34.162,33.590,33.507,23.453
1467799518.336,460.014,34.210,34.161,33.382,33.504,23.521
1467799519.352,461.030,34.143,34.160,33.438,33.504,23.622
1467799520.379,462.057,34.131,34.162,33.414,33.504,23.621
1467799521.410,463.088,34.139,34.162,33.427,33.506,23.620
1467799522.428,464.106,34.165,34.163,33.474,33.508,23.598
1467799523.459,465.137,34.187,34.164,33.442,33.510,23.574
1467799524.494,466.172,34.172,34.166,33.427,33.512,23.561
1467799525.518,467.196,34.164,34.167,33.457,33.515,23.566
1467799526.539,468.217,34.151,34.167,33.483,33.516,23.531
1467799527.563,469.241,34.278,34.168,33.653,33.518,23.530
1467799528.595,470.273,34.205,34.170,33.573,33.523,23.634
1467799529.615,471.293,34.168,34.171,33.451,33.524,23.627
1467799530.643,472.321,34.144,34.174,33.557,33.527,23.652
1467799531.667,473.345,34.219,34.177,33.582,33.531,23.547
1467799532.685,474.363,34.300,34.181,33.732,33.538,23.529
1467799533.723,475.401,34.248,34.184,33.659,33.541,23.538
1467799534.744,476.422,34.231,34.185,33.595,33.547,23.550
1467799535.769,477.447,34.246,34.185,33.603,33.556,23.486
1467799536.796,478.474,34.266,34.185,33.680,33.561,23.488
1467799537.817,479.495,34.230,34.187,33.605,33.568,23.519
1467799538.843,480.521,34.201,34.188,33.638,33.575,23.469
1467799539.869,481.547,34.177,34.191,33.581,33.583,23.562
1467799540.895,482.573,34.196,34.191,33.556,33.588,23.453
1467799541.915,483.593,34.178,34.193,33.523,33.592,23.520
1467799542.943,484.621,34.219,34.194,33.697,33.602,23.482
1467799543.980,485.658,34.214,34.196,33.680,33.613,23.412
1467799545.008,486.686,34.126,34.197,33.533,33.621,23.539
1467799546.030,487.708,34.091,34.198,33.407,33.627,23.630
1467799547.052,488.730,34.087,34.199,33.446,33.637,23.567
1467799548.069,489.747,34.188,34.200,33.646,33.640,23.465
1467799549.099,490.777,34.196,34.202,33.729,33.648,23.513
1467799550.118,491.796,34.223,34.203,33.804,33.655,23.482
1467799551.149,492.827,34.179,34.203,33.620,33.661,23.491
1467799552.179,493.857,34.163,34.203,33.672,33.667,23.515
1467799553.204,494.882,34.076,34.204,33.583,33.675,23.608
1467799554.223,495.901,34.085,34.204,33.595,33.681,23.596
1467799555.261,496.939,34.097,34.205,33.494,33.686,23.648
1467799556.284,497.962,34.162,34.204,33.715,33.691,23.585
1467799557.298,498.976,34.127,34.203,33.596,33.695,23.639
1467799558.324,500.002,34.211,34.203,33.677,33.700,23.543
1467799559.360,501.038,34.254,34.203,33.850,33.705,23.486
1467799560.381,502.059,34.291,34.201,33.818,33.709,23.478
1467799561.408,503.086,34.279,34.198,33.796,33.708,23.515
1467799562.428,504.106,34.229,34.195,33.637,33.709,23.565
1467799563.460,505.138,34.199,34.193,33.730,33.709,23.603
1467799564.493,506.171,34.206,34.192,33.759,33.711,23.568
1467799565.512,507.190,34.247,34.189,33.735,33.710,23.592
1467799566.540,508.218,34.252,34.189,33.781,33.712,23.542
1467799567.566,509.244,34.277,34.193,33.856,33.715,23.571
1467799568.590,510.268,34.145,34.197,33.734,33.717,23.688
1467799569.612,511.290,34.233,34.202,33.613,33.719,23.526
1467799570.633,512.311,34.217,34.206,33.874,33.723,23.516
1467799571.660,513.338,34.249,34.210,33.777,33.725,23.482
1467799572.689,514.367,34.296,34.214,33.771,33.726,23.428
1467799573.716,515.394,34.338,34.218,33.940,33.730,23.469
1467799574.755,516.433,34.252,34.223,33.895,33.736,23.529
1467799575.767,517.445,34.216,34.228,33.647,33.740,23.507
1467799576.794,518.472,34.221,34.232,33.816,33.741,23.493
1467799577.820,519.498,34.181,34.233,33.807,33.739,23.614
1467799578.850,520.528,34.176,34.234,33.830,33.736,23.551
1467799579.863,521.541,34.178,34.235,33.755,33.737,23.567
1467799580.898,522.576,34.251,34.237,33.897,33.736,23.546
1467799582.032,523.710,34.180,34.241,33.774,33.737,23.568
1467799583.055,524.733,34.176,34.246,33.775,33.739,23.677
1467799584.081,525.759,34.221,34.249,33.906,33.743,23.619
1467799585.107,526.785,34.165,34.252,33.817,33.741,23.672
1467799586.142,527.820,34.160,34.256,33.713,33.745,23.614
1467799587.165,528.843,34.119,34.257,33.823,33.747,23.656
1467799588.193,529.871,34.141,34.255,33.822,33.742,23.658
1467799589.220,530.898,34.135,34.257,33.673,33.739,23.704
1467799590.239,531.917,34.101,34.256,33.670,33.737,23.702
1467799591.262,532.940,34.117,34.254,33.609,33.737,23.706
1467799592.284,533.962,34.182,34.254,33.752,33.733,23.699
1467799593.313,534.991,34.093,34.254,33.589,33.730,23.728
1467799594.342,536.020,34.223,34.252,33.699,33.727,23.616
1467799595.359,537.037,34.416,34.250,33.824,33.723,23.599
1467799596.397,538.075,34.409,34.247,33.703,33.719,23.663
1467799597.424,539.102,34.448,34.248,33.675,33.718,23.570
1467799598.452,540.130,34.414,34.246,33.710,33.719,23.582
1467799599.473,541.151,34.453,34.244,33.798,33.714,23.641
1467799600.496,542.174,34.410,34.241,33.764,33.712,23.602
1467799601.517,543.195,34.383,34.238,33.773,33.705,23.568
1467799602.549,544.227,34.345,34.234,33.715,33.697,23.614
1467799603.572,545.250,34.370,34.231,33.647,33.689,23.591
1467799604.592,546.270,34.382,34.229,33.734,33.687,23.548
1467799605.624,547.302,34.250,34.230,33.587,33.682,23.723
1467799606.658,548.336,34.281,34.230,33.661,33.677,23.689
1467799607.686,549.364,34.237,34.231,33.656,33.673,23.722
1467799608.705,550.383,34.305,34.231,33.622,33.669,23.678
1467799609.726,551.404,34.286,34.230,33.630,33.660,23.633
1467799610.745,552.423,34.335,34.230,33.750,33.653,23.560
1467799611.779,553.457,34.278,34.229,33.687,33.647,23.660
1467799612.809,554.487,34.297,34.229,33.626,33.639,23.615
1467799613.830,555.508,34.370,34.227,33.800,33.632,23.652
1467799614.849,556.527,34.244,34.225,33.776,33.627,23.723
1467799615.878,557.556,34.197,34.224,33.581,33.625,23.649
1467799616.910,558.588,34.363,34.222,33.681,33.618,23.610
1467799617.930,559.608,34.239,34.221,33.685,33.615,23.675
1467799618.955,560.633,34.131,34.220,33.629,33.611,23.729
1467799619.981,561.659,34.187,34.219,33.486,33.610,23.676
1467799621.015,562.693,34.194,34.216,33.598,33.605,23.676
1467799622.036,563.714,34.164,34.215,33.563,33.599,23.709
1467799623.053,564.731,34.106,34.213,33.575,33.599,23.721
1467799624.076,565.754,34.151,34.208,33.653,33.594,23.738
1467799625.109,566.787,34.170,34.204,33.653,33.591,23.647
1467799626.140,567.818,34.144,34.198,33.685,33.588,23.685
1467799627.166,568.844,34.074,34.194,33.594,33.583,23.753
1467799628.194,569.872,34.121,34.187,33.631,33.576,23.741
1467799629.218,570.896,34.089,34.183,33.409,33.569,23.751
1467799630.243,571.921,34.120,34.179,33.513,33.564,23.741
1467799631.269,572.947,34.100,34.174,33.451,33.557,23.719
1467799632.296,573.974,34.118,34.169,33.553,33.550,23.630
1467799633.308,574.986,34.257,34.164,33.532,33.543,23.571
1467799634.334,576.012,34.203,34.162,33.508,33.540,23.523
1467799635.357,577.035,34.202,34.160,33.612,33.538,23.553
1467799636.385,578.063,34.201,34.158,33.568,33.534,23.590
1467799637.417,579.095,34.203,34.155,33.393,33.532,23.706
1467799638.437,580.115,34.155,34.153,33.381,33.530,23.754
1467799639.473,581.151,34.126,34.149,33.419,33.526,23.803
1467799640.500,582.178,34.214,34.146,33.490,33.520,23.803
1467799641.529,583.207,34.091,34.143,33.420,33.516,23.899
1467799642.546,584.224,34.045,34.139,33.474,33.510,23.908
1467799643.565,585.243,34.046,34.138,33.670,33.504,23.880
1467799644.599,586.277,34.055,34.138,33.455,33.503,23.892
1467799645.616,587.294,34.080,34.134,33.534,33.499,23.838
1467799646.641,588.319,34.014,34.132,33.442,33.494,23.863
1467799647.680,589.358,34.083,34.132,33.559,33.491,23.796
1467799648.700,590.378,34.010,34.131,33.431,33.488,23.897
1467799649.727,591.405,34.061,34.129,33.258,33.484,23.846
1467799650.744,592.422,34.116,34.128,33.710,33.483,23.859
1467799651.784,593.462,34.135,34.129,33.551,33.479,23.862
1467799652.802,594.480,34.167,34.128,33.530,33.474,23.804
1467799653.824,595.502,34.144,34.126,33.513,33.469,23.778
1467799654.848,596.526,34.170,34.125,33.475,33.465,23.784
1467799655.873,597.551,34.092,34.126,33.381,33.463,23.865
1467799656.905,598.583,34.161,34.126,33.401,33.459,23.780
1467799657.934,599.612,34.176,34.125,33.494,33.459,23.793
1467799658.955,600.633,34.084,34.125,33.335,33.457,23.920
1467799659.987,601.665,34.095,34.126,33.216,33.457,23.865
1467799661.009,602.687,34.093,34.125,33.358,33.454,23.790
1467799662.038,603.716,34.144,34.122,33.426,33.451,23.774
1467799663.053,604.731,34.179,34.122,33.568,33.450,23.790
1467799664.082,605.760,34.126,34.121,33.423,33.445,23.837
1467799665.104,606.782,34.144,34.119,33.535,33.439,23.728
1467799666.242,607.920,34.139,34.117,33.494,33.439,23.732
1467799667.268,608.946,34.107,34.118,33.543,33.436,23.817
1467799668.300,609.978,34.119,34.121,33.345,33.437,23.843
1467799669.333,611.011,34.141,34.122,33.404,33.436,23.780
1467799670.353,612.031,34.169,34.125,33.480,33.437,23.813
1467799671.381,613.059,34.195,34.128,33.466,33.437,23.770
1467799672.403,614.081,34.178,34.129,33.515,33.431,23.740
1467799673.432,615.110,34.134,34.131,33.429,33.431,23.836
1467799674.457,616.135,34.116,34.132,33.433,33.429,23.841
1467799675.490,617.168,34.160,34.134,33.460,33.428,23.810
1467799676.503,618.181,34.122,34.135,33.318,33.426,23.867
1467799677.524,619.202,34.102,34.136,33.385,33.423,23.916
1467799678.553,620.231,34.119,34.136,33.508,33.425,23.854
1467799679.584,621.262,34.153,34.135,33.385,33.418,23.853
1467799680.612,622.290,34.102,34.135,33.350,33.415,23.809
1467799681.631,623.309,34.062,34.135,33.401,33.412,23.855
1467799682.658,624.336,34.058,34.135,33.420,33.408,23.830
1467799683.687,625.365,34.131,34.133,33.490,33.405,23.737
1467799684.718,626.396,34.102,34.134,33.413,33.407,23.795
1467799685.738,627.416,34.080,34.134,33.400,33.408,23.750
1467799686.759,628.437,34.123,34.134,33.433,33.405,23.710
1467799687.789,629.467,34.112,34.135,33.462,33.407,23.721
1467799688.813,630.491,34.103,34.136,33.368,33.410,23.717
1467799689.843,631.521,34.085,34.137,33.393,33.410,23.685
1467799690.867,632.545,34.175,34.136,33.447,33.410,23.572
1467799691.893,633.571,34.163,34.136,33.321,33.407,23.618
1467799692.918,634.596,34.065,34.136,33.253,33.407,23.748
1467799693.940,635.618,34.108,34.135,33.394,33.403,23.787
1467799694.968,636.646,34.231,34.134,33.194,33.400,23.736
1467799695.990,637.668,34.296,34.135,33.504,33.398,23.695
1467799697.012,638.690,34.250,34.137,33.428,33.401,23.726
1467799698.037,639.715,34.244,34.139,33.462,33.402,23.753
1467799699.063,640.741,34.200,34.139,33.457,33.399,23.781
1467799700.096,641.774,34.133,34.138,33.366,33.396,23.814
1467799701.120,642.798,34.156,34.137,33.467,33.392,23.747
1467799702.148,643.826,34.145,34.138,33.426,33.387,23.731
1467799703.164,644.842,34.110,34.139,33.370,33.383,23.792
1467799704.202,645.880,34.124,34.139,33.455,33.381,23.747
1467799705.230,646.908,34.060,34.140,33.263,33.381,23.786
1467799706.246,647.924,34.109,34.141,33.344,33.378,23.826
1467799707.269,648.947,34.048,34.140,33.315,33.373,23.869
1467799708.299,649.977,34.122,34.139,33.391,33.374,23.779
1467799709.319,650.997,34.184,34.138,33.378,33.371,23.664
1467799710.358,652.036,34.106,34.138,33.316,33.371,23.750
1467799711.380,653.058,34.091,34.137,33.309,33.363,23.739
1467799712.406,654.084,34.153,34.135,33.483,33.354,23.730
1467799713.424,655.102,34.169,34.134,33.421,33.356,23.770
1467799714.453,656.131,34.148,34.135,33.362,33.360,23.791
1467799715.485,657.163,34.135,34.135,33.436,33.361,23.759
1467799716.504,658.182,34.159,34.133,33.385,33.362,23.711
1467799717.525,659.203,34.129,34.128,33.383,33.362,23.722
1467799718.556,660.234,34.135,34.124,33.375,33.362,23.711
1467799719.582,661.260,34.174,34.120,33.457,33.364,23.687
1467799720.610,662.288,34.111,34.116,33.373,33.369,23.727
1467799721.636,663.314,34.073,34.115,33.333,33.376,23.745
1467799722.658,664.336,34.117,34.112,33.341,33.379,23.661
1467799723.686,665.364,34.163,34.107,33.416,33.387,23.695
1467799724.707,666.385,34.228,34.103,33.515,33.391,23.628
1467799725.742,667.420,34.214,34.098,33.439,33.395,23.603
1467799726.766,668.444,34.181,34.093,33.346,33.396,23.654
1467799727.790,669.468,34.125,34.090,33.320,33.399,23.655
1467799728.808,670.486,34.158,34.088,33.258,33.405,23.697
1467799729.838,671.516,34.161,34.085,33.171,33.405,23.693
1467799730.867,672.545,34.189,34.082,33.231,33.407,23.708
1467799731.882,673.560,34.170,34.078,33.318,33.408,23.679
1467799732.914,674.592,34.155,34.074,33.314,33.409,23.649
1467799733.941,675.619,34.143,34.072,33.257,33.413,23.677
1467799734.965,676.643,34.095,34.069,33.223,33.416,23.718
1467799735.993,677.671,34.088,34.067,33.411,33.420,23.805
1467799737.011,678.689,34.057,34.065,33.202,33.422,23.786
1467799738.046,679.724,34.072,34.061,33.380,33.424,23.838
1467799739.065,680.743,33.957,34.058,32.978,33.427,23.857
1467799740.098,681.776,34.018,34.055,33.009,33.428,23.855
1467799741.137,682.815,34.092,34.052,33.543,33.426,23.824
1467799742.149,683.827,34.131,34.049,33.620,33.426,23.635
1467799743.170,684.848,34.097,34.046,33.489,33.427,23.688
1467799744.199,685.877,34.015,34.043,33.482,33.428,23.710
1467799745.229,686.907,33.851,34.039,33.406,33.429,23.687
1467799746.363,688.041,33.854,34.036,33.387,33.428,23.704
1467799747.383,689.061,33.926,34.032,33.538,33.429,23.770
1467799748.404,690.082,33.982,34.029,33.589,33.429,23.753
1467799749.430,691.108,33.962,34.028,33.638,33.431,23.737
1467799750.465,692.143,33.948,34.026,33.596,33.431,23.738
1467799751.492,693.170,33.996,34.022,33.630,33.433,23.671
1467799752.513,694.191,34.045,34.017,33.732,33.434,23.607
1467799753.532,695.210,34.003,34.010,33.611,33.432,23.661
1467799754.562,696.240,33.944,34.002,33.511,33.432,23.714
1467799755.596,697.274,34.047,33.995,33.655,33.432,23.598
1467799756.622,698.300,34.008,33.989,33.671,33.432,23.620
1467799757.646,699.324,33.986,33.985,33.488,33.432,23.642
1467799758.669,700.347,33.970,33.982,33.528,33.435,23.690
1467799759.688,701.366,33.911,33.978,33.447,33.438,23.749
1467799760.713,702.391,33.910,33.973,33.483,33.436,23.750
1467799761.740,703.418,33.955,33.968,33.507,33.432,23.735
1467799762.775,704.453,33.953,33.962,33.497,33.430,23.703
1467799763.787,705.465,33.939,33.958,33.506,33.430,23.694
1467799764.827,706.505,34.005,33.957,33.546,33.430,23.646
1467799765.853,707.531,33.922,33.957,33.476,33.433,23.679
1467799766.874,708.552,33.990,33.955,33.466,33.429,23.695
1467799767.902,709.580,33.930,33.956,33.356,33.431,23.725
1467799768.927,710.605,33.953,33.955,33.371,33.431,23.690
1467799769.956,711.634,34.022,33.954,33.439,33.424,23.661
1467799770.974,712.652,33.965,33.951,33.415,33.415,23.691
1467799771.998,713.676,33.958,33.950,33.467,33.405,23.679
1467799773.021,714.699,33.959,33.950,33.479,33.397,23.679
1467799774.057,715.735,33.949,33.953,33.333,33.393,23.668
1467799775.088,716.766,33.953,33.957,33.388,33.389,23.690
1467799776.107,717.785,33.986,33.959,33.497,33.384,23.635
1467799777.134,718.812,34.033,33.961,33.452,33.376,23.548
1467799778.157,719.835,33.967,33.962,33.367,33.367,23.654
1467799779.183,720.861,33.915,33.963,33.437,33.358,23.634
1467799780.213,721.891,33.871,33.962,33.474,33.348,23.576
1467799781.227,722.905,33.878,33.960,33.396,33.337,23.655
1467799782.248,723.926,33.773,33.959,33.441,33.329,23.666
1467799783.290,724.968,33.782,33.960,33.316,33.324,23.684
1467799784.317,725.995,33.804,33.960,33.348,33.316,23.617
1467799785.338,727.016,33.901,33.960,33.264,33.311,23.489
1467799786.356,728.034,33.994,33.960,33.325,33.309,23.447
1467799787.381,729.059,33.986,33.961,33.382,33.306,23.445
1467799788.412,730.090,33.926,33.964,33.242,33.304,23.521
1467799789.445,731.123,33.849,33.967,33.098,33.302,23.613
1467799790.455,732.133,33.841,33.969,33.118,33.299,23.575
1467799791.485,733.163,33.868,33.970,33.236,33.294,23.541
1467799792.515,734.193,34.048,33.972,33.402,33.292,23.451
1467799793.546,735.224,34.032,33.971,33.380,33.285,23.568
1467799794.571,736.249,33.954,33.972,33.150,33.280,23.689
1467799795.599,737.277,33.995,33.971,33.098,33.275,23.603
1467799796.618,738.296,34.005,33.974,32.984,33.274,23.612
1467799797.651,739.329,34.014,33.974,33.189,33.272,23.606
1467799798.671,740.349,33.992,33.971,33.092,33.273,23.615
1467799799.692,741.370,34.028,33.970,32.959,33.273,23.566
1467799800.717,742.395,33.995,33.971,33.012,33.265,23.690
1467799801.738,743.416,34.050,33.972,33.200,33.259,23.626
1467799802.770,744.448,34.029,33.976,33.203,33.259,23.651
1467799803.799,745.477,34.059,33.978,33.225,33.253,23.640
1467799804.827,746.505,34.099,33.982,33.163,33.244,23.579
1467799805.845,747.523,33.996,33.984,33.118,33.235,23.707
1467799806.881,748.559,34.012,33.987,33.152,33.234,23.695
1467799807.899,749.577,33.922,33.989,33.032,33.227,23.795
1467799808.925,750.603,33.980,33.992,33.151,33.215,23.756
1467799809.950,751.628,33.917,33.995,33.187,33.206,23.663
1467799810.981,752.659,34.034,34.000,33.199,33.199,23.547
1467799811.996,753.674,34.008,34.007,33.228,33.194,23.559
1467799813.141,754.819,34.029,34.013,33.414,33.187,23.516
1467799814.161,755.839,33.982,34.012,33.364,33.179,23.577
1467799815.191,756.869,34.050,34.012,33.338,33.169,23.528
1467799816.221,757.899,34.063,34.010,33.337,33.162,23.499
1467799817.244,758.922,34.039,34.011,33.403,33.155,23.526
1467799818.277,759.955,34.063,34.012,33.327,33.152,23.455
1467799819.298,760.976,34.045,34.014,33.250,33.149,23.414
1467799820.322,762.000,34.033,34.016,33.375,33.144,23.488
1467799821.339,763.017,33.962,34.014,33.180,33.136,23.612
1467799822.372,764.050,33.946,34.012,33.177,33.127,23.623
1467799823.387,765.065,33.980,34.013,33.196,33.124,23.580
1467799824.434,766.112,34.068,34.012,33.310,33.123,23.469
1467799825.454,767.132,33.942,34.010,33.259,33.121,23.585
1467799826.470,768.148,33.857,34.008,33.484,33.115,23.518
1467799827.499,769.177,33.951,34.006,33.426,33.112,23.601
1467799828.517,770.195,33.977,34.004,33.034,33.113,23.558
1467799829.561,771.239,34.038,34.002,33.158,33.113,23.509
1467799830.576,772.254,34.130,34.000,33.299,33.110,23.447
1467799831.604,773.282,34.084,33.998,33.063,33.106,23.519
1467799832.621,774.299,34.191,33.995,32.983,33.099,23.435
1467799833.644,775.322,34.173,33.991,32.996,33.092,23.521
1467799834.669,776.347,34.104,33.988,33.292,33.087,23.542
1467799835.696,777.374,34.030,33.986,33.042,33.084,23.621
1467799836.724,778.402,34.036,33.985,32.827,33.082,23.585
1467799837.759,779.437,34.032,33.986,32.891,33.080,23.633
1467799838.787,780.465,34.098,33.991,33.062,33.078,23.592
1467799839.807,781.485,34.136,33.991,33.052,33.071,23.498
1467799840.831,782.509,34.123,33.989,32.949,33.059,23.555
1467799841.855,783.533,33.890,33.989,32.821,33.047,23.624
1467799842.884,784.562,33.975,33.991,32.792,33.036,23.547
1467799843.903,785.581,33.883,33.990,32.983,33.025,23.426
1467799844.934,786.612,33.949,33.990,32.885,33.017,23.488
1467799845.955,787.633,33.914,33.989,32.909,33.006,23.517
1467799846.993,788.671,33.945,33.988,32.964,32.997,23.553
1467799848.008,789.686,33.993,33.986,32.974,32.988,23.449
1467799849.039,790.717,33.916,33.984,32.957,32.976,23.540
1467799850.066,791.744,33.959,33.983,32.892,32.968,23.512
1467799851.099,792.777,33.966,33.983,32.961,32.960,23.539
1467799852.110,793.788,33.978,33.982,33.066,32.951,23.511
1467799853.136,794.814,33.896,33.980,32.866,32.942,23.623
1467799854.161,795.839,33.870,33.978,32.846,32.929,23.658
1467799855.182,796.860,33.922,33.978,32.920,32.913,23.601
1467799856.228,797.906,33.905,33.976,33.042,32.900,23.616
1467799857.248,798.926,33.852,33.974,32.969,32.895,23.638
1467799858.269,799.947,33.946,33.972,33.086,32.890,23.561
1467799859.302,800.980,33.962,33.967,32.963,32.881,23.538
1467799860.311,801.989,33.850,33.964,32.835,32.878,23.623
1467799861.344,803.022,33.883,33.959,32.782,32.875,23.622
1467799862.375,804.053,33.868,33.953,32.835,32.873,23.559
1467799863.393,805.071,33.873,33.949,32.987,32.863,23.602
1467799864.417,806.095,33.901,33.946,32.918,32.858,23.566
1467799865.447,807.125,34.033,33.943,33.051,32.855,23.479
1467799866.466,808.144,34.171,33.941,33.066,32.855,23.485
1467799867.497,809.175,34.006,33.939,32.839,32.851,23.565
1467799868.518,810.196,33.933,33.936,32.561,32.848,23.602
1467799869.550,811.228,34.039,33.932,32.751,32.846,23.500
1467799870.577,812.255,34.049,33.934,32.747,32.847,23.500
1467799871.605,813.283,34.019,33.933,32.754,32.847,23.553
1467799872.631,814.309,34.056,33.933,32.870,32.842,23.485
1467799873.657,815.335,33.989,33.932,32.825,32.841,23.521
1467799874.670,816.348,34.009,33.934,32.793,32.841,23.420
1467799875.704,817.382,33.941,33.934,32.786,32.841,23.436
1467799876.733,818.411,33.924,33.934,32.682,32.840,23.447
1467799877.761,819.439,33.917,33.934,32.742,32.839,23.510
1467799878.781,820.459,33.921,33.934,32.762,32.837,23.539
1467799879.799,821.477,33.940,33.934,32.718,32.833,23.569
1467799880.836,822.514,33.928,33.933,32.803,32.830,23.623
1467799881.860,823.538,33.858,33.935,32.552,32.830,23.685
1467799882.875,824.553,33.859,33.936,32.586,32.831,23.723
1467799883.908,825.586,33.843,33.936,32.710,32.827,23.762
1467799884.933,826.611,33.874,33.936,32.760,32.823,23.725
1467799885.962,827.640,33.888,33.937,32.910,32.820,23.729
1467799886.990,828.668,33.871,33.937,32.802,32.816,23.772
1467799888.011,829.689,33.928,33.935,32.865,32.811,23.749
1467799889.034,830.712,33.927,33.937,32.804,32.810,23.746
1467799890.063,831.741,33.830,33.937,32.896,32.811,23.830
1467799891.078,832.756,33.887,33.939,32.755,32.810,23.858
1467799892.114,833.792,33.892,33.940,32.757,32.806,23.879
1467799893.143,834.821,33.853,33.941,32.657,32.805,23.895
1467799894.166,835.844,33.942,33.940,32.893,32.801,23.873
1467799895.184,836.862,33.946,33.936,32.842,32.797,23.834
1467799896.207,837.885,33.964,33.936,32.923,32.798,23.793
1467799897.348,839.026,33.922,33.936,32.832,32.804,23.828
1467799898.381,840.059,33.998,33.933,32.857,32.806,23.811
1467799899.413,841.091,33.923,33.931,32.799,32.805,23.828
1467799900.439,842.117,33.882,33.929,32.707,32.804,23.828
1467799901.454,843.132,33.916,33.926,32.830,32.804,23.818
1467799902.490,844.168,33.987,33.924,32.920,32.801,23.776
1467799903.515,845.193,33.973,33.923,32.961,32.799,23.757
1467799904.531,846.209,33.983,33.923,32.913,32.800,23.741
1467799905.556,847.234,33.940,33.923,32.886,32.801,23.794
1467799906.577,848.255,33.961,33.921,32.812,32.799,23.771
1467799907.616,849.294,33.933,33.920,32.731,32.796,23.738
1467799908.648,850.326,33.941,33.920,32.903,32.800,23.710
1467799909.665,851.343,33.970,33.920,32.879,32.799,23.690
1467799910.689,852.367,33.928,33.922,32.871,32.802,23.788
1467799911.705,853.383,33.943,33.924,32.728,32.806,23.769
1467799912.743,854.421,33.892,33.924,32.783,32.804,23.860
1467799913.770,855.448,33.918,33.925,32.809,32.805,23.810
1467799914.795,856.473,33.936,33.924,32.860,32.797,23.739
1467799915.819,857.497,33.882,33.925,32.718,32.794,23.791
1467799916.836,858.514,33.922,33.925,32.744,32.791,23.776
1467799917.868,859.546,33.893,33.925,32.856,32.787,23.841
1467799918.903,860.581,33.976,33.925,32.799,32.782,23.780
1467799919.921,861.599,33.940,33.925,32.739,32.781,23.802
1467799920.944,862.622,33.960,33.925,32.877,32.775,23.723
1467799921.968,863.646,33.975,33.927,32.836,32.773,23.713
1467799922.988,864.666,33.978,33.926,32.860,32.767,23.729
1467799924.030,865.708,33.967,33.926,32.885,32.762,23.797
1467799925.042,866.720,33.944,33.923,32.863,32.752,23.786
1467799926.070,867.748,33.883,33.923,32.868,32.748,23.854
1467799927.098,868.776,33.918,33.921,32.690,32.742,23.807
1467799928.129,869.807,33.931,33.920,32.706,32.736,23.779
1467799929.150,870.828,33.906,33.922,32.851,32.738,23.782
1467799930.173,871.851,33.867,33.924,32.656,32.736,23.788
1467799931.205,872.883,33.938,33.926,32.682,32.730,23.715
1467799932.219,873.897,33.941,33.927,32.874,32.721,23.711
1467799933.259,874.937,33.901,33.928,32.736,32.713,23.761
1467799934.281,875.959,33.821,33.929,32.640,32.707,23.843
1467799935.296,876.974,33.894,33.928,32.609,32.706,23.803
1467799936.323,878.001,33.942,33.929,32.897,32.699,23.732
1467799937.347,879.025,33.929,33.930,32.765,32.694,23.704
1467799938.382,880.060,33.929,33.929,32.715,32.687,23.702
1467799939.409,881.087,33.963,33.929,32.798,32.681,23.680
1467799940.426,882.104,33.859,33.928,32.634,32.676,23.818
1467799941.460,883.138,33.955,33.929,32.799,32.671,23.760
1467799942.482,884.160,33.823,33.930,32.448,32.667,23.841
1467799943.505,885.183,33.939,33.931,32.624,32.662,23.802
1467799944.531,886.209,33.924,33.932,32.717,32.658,23.749
1467799945.553,887.231,33.900,33.931,32.578,32.653,23.756
1467799946.580,888.258,33.859,33.931,32.641,32.646,23.818
1467799947.609,889.287,33.879,33.929,32.687,32.640,23.775
1467799948.630,890.308,33.896,33.928,32.440,32.636,23.678
1467799949.669,891.347,33.927,33.928,32.531,32.630,23.704
1467799950.693,892.371,33.926,33.928,32.548,32.628,23.733
1467799951.718,893.396,33.945,33.928,32.579,32.625,23.664
1467799952.740,894.418,33.791,33.927,32.377,32.619,23.870
1467799953.766,895.444,33.916,33.928,32.649,32.614,23.747
1467799954.783,896.461,33.861,33.928,32.493,32.609,23.737
1467799955.812,897.490,33.883,33.928,32.486,32.608,23.699
1467799956.838,898.516,34.030,33.926,32.833,32.605,23.619
1467799957.865,899.543,33.980,33.925,32.670,32.601,23.754
1467799958.890,900.568,34.108,33.925,32.625,32.601,23.593
1467799959.926,901.604,34.035,33.924,32.481,32.601,23.617
1467799960.951,902.629,34.038,33.921,32.463,32.595,23.631
1467799961.972,903.650,34.001,33.920,32.540,32.594,23.671
1467799962.989,904.667,33.892,33.922,32.736,32.590,23.640
1467799964.024,905.702,34.003,33.923,32.341,32.587,23.601
1467799965.057,906.735,33.980,33.923,32.639,32.581,23.650
1467799966.067,907.745,33.935,33.922,32.505,32.578,23.703
1467799967.096,908.774,33.904,33.921,32.565,32.572,23.707
1467799968.119,909.797,33.906,33.920,32.415,32.565,23.755
1467799969.151,910.829,33.961,33.921,32.521,32.564,23.671
1467799970.176,911.854,33.965,33.921,32.585,32.559,23.740
1467799971.195,912.873,34.000,33.923,32.595,32.560,23.669
1467799972.226,913.904,33.908,33.924,32.474,32.559,23.723
1467799973.252,914.930,33.885,33.924,32.471,32.556,23.772
1467799974.281,915.959,33.881,33.926,32.487,32.557,23.760
1467799975.299,916.977,33.884,33.926,32.485,32.554,23.722
1467799976.332,918.010,33.886,33.927,32.500,32.552,23.739
1467799977.348,919.026,33.932,33.927,32.566,32.557,23.675
1467799978.487,920.165,33.977,33.927,32.716,32.558,23.664
1467799979.518,921.196,33.978,33.928,32.694,32.560,23.636
1467799980.539,922.217,33.936,33.928,32.579,32.560,23.665
1467799981.569,923.247,33.965,33.932,32.552,32.563,23.641
1467799982.599,924.277,33.908,33.933,32.614,32.563,23.587
1467799983.627,925.305,33.914,33.936,32.627,32.564,23.551
1467799984.652,926.330,33.833,33.938,32.540,32.565,23.689
1467799985.674,927.352,33.840,33.938,32.622,32.563,23.672
1467799986.690,928.368,33.883,33.937,32.647,32.562,23.626
1467799987.717,929.395,33.857,33.935,32.683,32.561,23.708
1467799988.757,930.435,33.776,33.934,32.538,32.563,23.795
1467799989.775,931.453,33.859,33.933,32.682,32.568,23.726
1467799990.801,932.479,33.935,33.933,32.468,32.569,23.704
1467799991.816,933.494,33.929,33.934,32.434,32.565,23.618
1467799992.857,934.535,33.949,33.933,32.561,32.568,23.622
1467799993.886,935.564,33.895,33.933,32.566,32.571,23.699
1467799994.907,936.585,33.864,33.935,32.393,32.576,23.703
1467799995.922,937.600,33.909,33.936,32.443,32.578,23.682
1467799996.955,938.633,33.899,33.938,32.548,32.581,23.674
1467799997.988,939.666,33.975,33.936,32.550,32.581,23.719
1467799999.002,940.680,33.938,33.936,32.498,32.582,23.754
1467800000.025,941.703,33.995,33.935,32.581,32.582,23.672
1467800001.049,942.727,33.906,33.935,32.542,32.582,23.741
1467800002.088,943.766,34.034,33.936,32.649,32.582,23.673
1467800003.117,944.795,33.843,33.937,32.443,32.583,23.903
1467800004.133,945.811,33.902,33.938,32.616,32.589,23.849
1467800005.164,946.842,33.909,33.940,32.668,32.592,23.781
1467800006.186,947.864,33.929,33.939,32.615,32.593,23.774
1467800007.210,948.888,33.994,33.939,32.634,32.591,23.728
1467800008.236,949.914,33.953,33.937,32.594,32.589,23.693
1467800009.255,950.933,33.998,33.936,32.565,32.589,23.728
1467800010.278,951.956,33.994,33.935,32.636,32.588,23.785
1467800011.304,952.982,33.985,33.935,32.556,32.591,23.716
1467800012.350,954.028,34.021,33.933,32.550,32.590,23.730
1467800013.368,955.046,34.008,33.934,32.675,32.592,23.713
1467800014.386,956.064,33.957,33.934,32.633,32.592,23.747
1467800015.420,957.098,33.961,33.933,32.579,32.589,23.722
1467800016.444,958.122,33.993,33.934,32.607,32.590,23.667
1467800017.473,959.151,34.000,33.937,32.735,32.592,23.696
1467800018.488,960.166,33.964,33.938,32.550,32.593,23.750
1467800019.517,961.195,33.965,33.937,32.546,32.593,23.699
1467800020.535,962.213,33.970,33.936,32.524,32.598,23.705
1467800021.563,963.241,33.963,33.936,32.756,32.600,23.691
1467800022.598,964.276,34.045,33.937,32.791,32.602,23.731
1467800023.625,965.303,33.964,33.938,32.679,32.605,23.773
1467800024.645,966.323,33.999,33.936,32.595,32.607,23.768
1467800025.670,967.348,33.867,33.934,32.493,32.610,23.967
1467800026.699,968.377,33.939,33.932,32.672,32.609,23.768
1467800027.718,969.396,33.980,33.932,32.570,32.610,23.734
1467800028.748,970.426,33.894,33.932,32.467,32.609,23.813
1467800029.772,971.450,33.939,33.933,32.503,32.607,23.804
1467800030.793,972.471,33.911,33.930,32.548,32.605,23.763
1467800031.819,973.497,33.973,33.932,32.798,32.607,23.698
1467800032.862,974.540,33.972,33.932,32.682,32.605,23.697
1467800033.881,975.559,33.904,33.932,32.602,32.602,23.706
1467800034.905,976.583,33.941,33.930,32.617,32.599,23.718
1467800035.930,977.608,33.898,33.928,32.597,32.596,23.712
1467800036.958,978.636,33.890,33.927,32.569,32.593,23.765
1467800037.983,979.661,33.902,33.925,32.490,32.591,23.675
1467800039.009,980.687,33.911,33.922,32.755,32.588,23.756
1467800040.029,981.707,33.818,33.921,32.592,32.589,23.819
1467800041.050,982.728,33.842,33.918,32.625,32.589,23.777
1467800042.075,983.753,33.841,33.916,32.622,32.588,23.769
1467800043.108,984.786,33.849,33.915,32.487,32.588,23.756
1467800044.238,985.916,33.934,33.913,32.780,32.589,23.726
1467800045.274,986.952,33.916,33.912,32.654,32.590,23.763
1467800046.301,987.979,33.901,33.910,32.690,32.587,23.753
1467800047.325,989.003,33.896,33.908,32.481,32.588,23.768
1467800048.352,990.030,33.880,33.905,32.744,32.588,23.737
1467800049.378,991.056,33.950,33.903,32.661,32.589,23.674
1467800050.399,992.077,33.922,33.901,32.635,32.586,23.784
1467800051.427,993.105,33.925,33.898,32.598,32.583,23.762
1467800052.444,994.122,33.807,33.898,32.562,32.585,23.806
1467800053.471,995.149,33.820,33.893,32.677,32.590,23.776
1467800054.499,996.177,33.862,33.894,32.529,32.592,23.698
1467800055.520,997.198,33.933,33.896,32.516,32.590,23.672
1467800056.553,998.231,33.984,33.897,32.527,32.589,23.605
1467800057.584,999.262,33.956,33.899,32.449,32.591,23.659
1467800058.606,1000.284,33.900,33.901,32.558,32.592,23.639
1467800059.636,1001.314,33.908,33.903,32.517,32.594,23.618
1467800060.650,1002.328,33.933,33.906,32.498,32.590,23.650
1467800061.678,1003.356,33.920,33.909,32.504,32.590,23.664
1467800062.709,1004.387,33.808,33.912,32.464,32.590,23.760
1467800063.729,1005.407,33.861,33.914,32.465,32.589,23.731
1467800064.767,1006.445,33.899,33.917,32.425,32.589,23.781
1467800065.777,1007.455,33.888,33.920,32.478,32.591,23.789
1467800066.816,1008.494,33.856,33.923,32.467,32.593,23.721
1467800067.841,1009.519,33.896,33.926,32.595,32.588,23.694
1467800068.855,1010.533,33.884,33.932,32.578,32.589,23.738
1467800069.885,1011.563,33.887,33.933,32.606,32.591,23.739
1467800070.906,1012.584,33.889,33.933,32.621,32.585,23.774
1467800071.937,1013.615,33.885,33.932,32.665,32.587,23.773
1467800072.968,1014.646,33.916,33.930,32.616,32.581,23.742
1467800073.982,1015.660,33.882,33.928,32.598,32.577,23.761
1467800075.020,1016.698,33.859,33.927,32.598,32.570,23.750
1467800076.041,1017.719,33.819,33.925,32.526,32.573,23.818
1467800077.068,1018.746,33.864,33.925,32.582,32.568,23.733
1467800078.099,1019.777,33.857,33.923,32.603,32.565,23.713
1467800079.119,1020.797,33.852,33.921,32.638,32.563,23.745
1467800080.145,1021.823,33.967,33.918,32.805,32.561,23.724
1467800081.164,1022.842,33.727,33.918,32.836,32.561,23.809
1467800082.197,1023.875,33.906,33.919,32.620,32.561,23.818
1467800083.219,1024.897,34.070,33.919,32.582,32.560,23.812
1467800084.247,1025.925,34.050,33.918,32.509,32.561,23.752
1467800085.267,1026.945,33.984,33.915,32.540,32.560,23.773
1467800086.301,1027.979,34.027,33.911,32.595,32.561,23.818
1467800087.330,1029.008,34.063,33.910,32.626,32.560,23.795
1467800088.347,1030.025,34.118,33.908,32.620,32.561,23.674
1467800089.373,1031.051,34.125,33.906,32.634,32.561,23.659
1467800090.402,1032.080,34.088,33.904,32.603,32.559,23.691
1467800091.427,1033.105,34.063,33.904,32.603,32.558,23.818
1467800092.452,1034.130,34.056,33.904,32.594,32.559,23.823
1467800093.475,1035.153,34.069,33.904,32.660,32.563,23.808
1467800094.499,1036.177,34.066,33.904,32.610,32.564,23.829
1467800095.529,1037.207,34.048,33.904,32.480,32.565,23.851
1467800096.557,1038.235,34.132,33.901,32.625,32.567,23.806
1467800097.583,1039.261,33.911,33.901,32.746,32.567,23.808
1467800098.603,1040.281,33.865,33.899,32.310,32.567,23.871
1467800099.630,1041.308,33.801,33.897,32.596,32.568,23.959
1467800100.654,1042.332,33.804,33.893,32.431,32.564,23.915
1467800101.689,1043.367,33.813,33.890,32.418,32.561,23.939
1467800102.708,1044.386,33.805,33.888,32.305,32.560,23.909
1467800103.728,1045.406,33.826,33.886,32.681,32.559,23.911
1467800104.751,1046.429,33.866,33.885,32.476,32.564,23.869
1467800105.790,1047.468,33.830,33.884,32.469,32.565,23.870
1467800106.813,1048.491,33.823,33.882,32.533,32.565,23.843
1467800107.840,1049.518,33.766,33.880,32.468,32.561,23.903
1467800108.868,1050.546,33.806,33.877,32.589,32.555,23.848
1467800109.878,1051.556,33.863,33.879,32.646,32.553,23.849
1467800110.906,1052.584,33.879,33.877,32.496,32.551,23.808
1467800111.939,1053.617,33.869,33.873,32.560,32.551,23.855
1467800112.957,1054.635,33.823,33.868,32.505,32.549,23.808
1467800113.988,1055.666,33.738,33.853,32.475,32.540,23.931
1467800115.013,1056.691,33.824,33.847,32.529,32.402,23.811
1467800116.050,1057.728,33.829,33.830,32.550,32.399,23.785
1467800117.071,1058.749,33.827,33.821,32.499,32.382,23.818
1467800118.089,1059.767,33.799,33.811,32.427,32.365,23.830
1467800119.117,1060.795,33.820,33.802,32.377,32.348,23.761
1467800120.145,1061.823,33.853,33.793,32.527,32.332,23.754
1467800121.171,1062.849,33.891,33.784,32.627,32.315,23.674
1467800122.201,1063.879,33.898,33.776,32.548,32.297,23.663
1467800123.221,1064.899,33.810,33.767,32.534,32.281,23.813
1467800124.238,1065.916,33.776,33.759,32.695,32.266,23.840
1467800125.265,1066.943,33.842,33.749,32.595,32.249,23.831
1467800126.296,1067.974,33.798,33.743,32.563,32.230,23.878
1467800127.327,1069.005,33.760,nan,32.705,nan,23.895
1467800128.463,1070.141,33.698,nan,32.417,nan,23.877
1467800129.487,1071.165,33.748,nan,32.491,nan,23.894
1467800130.511,1072.189,33.749,nan,32.513,nan,23.888
1467800131.537,1073.215,33.751,nan,32.579,nan,23.902
1467800132.567,1074.245,33.796,nan,32.795,nan,23.906
1467800133.584,1075.262,33.777,nan,32.649,nan,23.925
1467800134.615,1076.293,33.741,nan,32.573,nan,23.949
1467800135.633,1077.311,33.742,nan,32.430,nan,23.903
1467800136.665,1078.343,33.827,nan,32.463,nan,23.830
1467800137.695,1079.373,33.821,nan,32.744,nan,23.809
1467800138.717,1080.395,33.835,nan,32.516,nan,23.793
1467800139.750,1081.428,33.847,nan,32.587,nan,23.826
1467800140.775,1082.453,33.772,nan,32.392,nan,23.906
1467800141.788,1083.466,33.113,nan,32.016,nan,23.913
1467800142.820,1084.498,33.729,nan,24.995,nan,23.836
1467800143.844,1085.522,33.146,nan,32.486,nan,23.851
1467800144.868,1086.546,33.585,nan,31.687,nan,24.488
1467800145.894,1087.572,33.585,nan,31.687,nan,32.303
1467800146.914,1088.592,33.585,nan,31.687,nan,31.083
1467800147.947,1089.625,33.585,nan,31.687,nan,23.931
1467800148.976,1090.654,33.585,nan,31.687,nan,25.338
1467800149.999,1091.677,33.585,nan,31.687,nan,24.035
1467800151.026,1092.704,33.585,nan,31.687,nan,29.555
1467800152.053,1093.731,33.585,nan,31.687,nan,24.064
1467800153.072,1094.750,33.585,nan,31.687,nan,23.817
1467800154.097,1095.775,33.585,nan,31.687,nan,23.825
