# timestamp,gaze_x,gaze_y,left_position_x,left_position_y,left_pupil,right_position_x,right_position_y,right_pupil
1467879654.415557,1202.723913,457.299400,-49.131663,-13.125858,2.791625,8.490902,-16.850548,3.237882
1467879654.432170,1200.335171,454.447080,-49.116300,-13.179720,2.790297,8.497247,-16.861284,3.246675
1467879654.448899,1203.646943,456.029115,-49.176337,-13.168742,2.796443,8.501745,-16.863058,3.249478
1467879654.465642,1202.446631,457.649515,-49.104039,-13.162590,2.804367,8.499931,-16.855601,3.243341
1467879654.482277,1204.708035,454.235001,-49.094427,-13.149574,2.812137,8.508668,-16.791086,3.238190
1467879654.499008,1203.085714,454.865479,-49.090571,-13.125238,2.819781,8.500990,-16.748618,3.237006
1467879654.515653,1207.059183,455.785405,-49.000425,-13.063476,2.816771,8.512203,-16.695482,3.237375
1467879654.532297,1201.739968,459.568381,-48.925311,-13.005857,2.820866,8.475651,-16.618051,3.246807
1467879654.549003,1205.450012,459.318633,-48.781190,-13.002780,2.826921,8.597656,-16.608597,3.237622
1467879654.565508,1200.747341,461.894292,-48.705749,-12.964272,2.831936,8.589294,-16.581590,3.240012
1467879654.582289,1203.488942,462.547089,-48.387821,-12.849002,2.830227,8.628511,-16.622946,3.239831
1467879654.598869,1216.578344,456.093533,-49.240966,-13.053367,2.836210,8.484053,-16.407467,3.236155
1467879654.615580,1166.382209,457.774128,-49.848031,-13.113134,2.851989,8.474327,-16.456566,3.235703
1467879654.632356,1082.554181,463.088277,-50.488119,-13.120503,2.860347,7.983633,-16.378292,3.251376
1467879654.648896,1074.158561,471.870762,-50.903599,-13.214077,2.869142,7.994078,-16.162903,3.247050
1467879654.665594,1075.650672,475.909076,-50.694562,-13.110904,2.879233,7.933987,-16.111222,3.243546
1467879654.682385,1022.258779,511.676747,-48.667445,-12.571824,2.862625,7.997315,-16.078558,3.244652
1467879654.698815,1025.855017,512.429060,-48.261514,-12.459375,2.854533,7.994346,-16.161875,3.231809
1467879654.715639,1055.348992,501.864898,-48.285520,-12.484595,2.843216,7.976449,-16.173727,3.232812
1467879654.732225,1044.735961,509.863359,-48.159734,-12.434591,2.830323,7.980442,-16.194027,3.236476
1467879654.748920,1044.062188,494.245311,-47.957250,-12.547623,2.825624,8.020657,-16.222267,3.227191
1467879654.765413,1041.259184,518.661323,-47.874986,-12.449808,2.825059,8.037862,-16.279738,3.236420
1467879654.782037,1030.837269,515.012098,-47.883282,-12.531575,2.823644,8.054067,-16.231048,3.228905
1467879654.798776,1031.084487,511.717834,-47.968686,-12.587029,2.824318,8.061151,-16.305889,3.220769
1467879654.815468,1035.592174,515.496212,-47.992968,-12.625044,2.828268,8.091620,-16.379899,3.219190
1467879654.832128,1031.913542,529.656183,-47.964655,-12.639843,2.828403,8.004606,-16.264696,3.227677
1467879654.848823,1065.023606,515.640259,-47.930986,-12.696918,2.825411,8.165670,-16.352548,3.236314
1467879654.865290,1088.867192,514.159674,-47.861938,-12.712415,2.829834,8.154344,-16.369526,3.223148
1467879654.882405,1099.575688,517.394332,-47.673354,-12.713523,2.833155,8.146703,-16.375637,3.249490
1467879654.898908,1103.073531,519.905562,-47.739675,-12.679904,2.835505,8.125950,-16.408249,3.247346
1467879654.915565,1111.538996,526.932230,-47.662833,-12.696275,2.840313,8.167386,-16.409024,3.264805
1467879654.932228,1104.153015,524.674416,-47.629521,-12.694193,2.835138,8.220356,-16.440384,3.278084
1467879654.948887,1105.589812,523.945256,-47.658116,-12.678395,2.845434,8.224003,-16.485101,3.293363
1467879654.965413,1106.026649,528.927651,-47.660476,-12.681973,2.847649,8.170895,-16.429488,3.294822
1467879654.982171,1105.397883,526.798355,-47.639541,-12.664095,2.845255,8.168857,-16.416815,3.280585
1467879654.998648,1107.830278,531.054359,-47.708076,-12.612980,2.839013,8.232180,-16.274045,3.258178
1467879655.015256,1142.663007,524.312572,-47.933178,-12.665939,2.850186,8.326119,-16.341244,3.264975
1467879655.031955,1139.306118,520.602561,-48.304757,-12.719556,2.855653,8.488626,-16.437950,3.278940
1467879655.048660,1143.032587,513.222579,-48.255591,-12.658213,2.865640,8.477361,-16.389841,3.276305
1467879655.065265,1133.816241,524.608419,-48.072400,-12.518808,2.863570,8.344718,-16.238827,3.260260
1467879655.081936,1113.951573,526.872251,-47.597382,-12.369188,2.866785,8.347620,-16.230575,3.250786
1467879655.098548,1136.280215,517.100582,-47.910089,-12.433196,2.868772,8.363331,-16.362468,3.248570
1467879655.115274,1129.676540,521.713375,-47.771064,-12.367454,2.845826,8.324109,-16.283073,3.228576
1467879655.131912,1127.569725,522.006026,-47.649082,-12.312485,2.832203,8.203501,-16.222615,3.227708
1467879655.148562,1120.190009,516.890516,-47.418730,-12.255664,2.812084,8.218084,-16.337992,3.231632
1467879655.165306,1138.438281,507.203446,-48.922960,-12.655670,2.820563,8.169923,-16.327323,3.221244
1467879655.181929,1138.262551,495.245845,-49.372655,-12.767460,2.830857,8.154274,-16.329882,3.214273
1467879655.198642,1142.854405,503.192235,-49.349105,-12.769566,2.827319,8.035069,-16.252715,3.198155
1467879655.215204,1143.596652,448.987963,-49.552826,-12.802660,2.829924,8.333838,-16.852233,3.205081
1467879655.231885,1129.221193,517.633593,-48.367892,-12.402846,2.811753,8.001812,-16.175816,3.214681
1467879655.248575,1156.557705,513.823654,-51.979064,-13.194638,2.833833,7.520214,-15.295819,3.184694
1467879655.348485,1054.708441,506.000702,-48.806831,-11.816316,2.827622,7.514165,-15.258422,3.167690
1467879655.365168,1103.031226,528.882763,0.000000,0.000000,0.000000,7.516629,-15.235356,3.154945
1467879655.381859,1040.443803,515.877244,-47.819495,-11.663819,2.792298,7.563806,-15.180840,3.140019
1467879655.398609,1032.964397,495.083679,-49.854642,-12.107423,2.791332,7.535567,-15.094879,3.122034
1467879655.415128,1039.427511,503.000712,-48.766036,-11.869408,2.769101,7.350518,-14.960074,3.101407
1467879655.431788,996.782203,462.971271,-49.602285,-12.033529,2.763105,0.000000,0.000000,0.000000
1467879655.448467,996.959362,487.576429,-48.611633,-11.798868,2.746017,0.000000,0.000000,0.000000
1467879655.465108,1028.922335,513.388073,-48.607109,-11.777291,2.735592,7.369133,-14.880850,3.090975
1467879655.481758,999.154416,447.777556,-49.853239,-12.048114,2.728204,0.000000,0.000000,0.000000
1467879655.498431,1000.823796,453.922223,-49.674002,-11.965386,2.714383,0.000000,0.000000,0.000000
1467879655.515107,1066.546410,465.583282,-49.792232,-11.926926,2.713654,7.371960,-15.223936,3.090998
1467879655.531782,1047.269121,454.284602,-49.961589,-11.943346,2.703013,7.091694,-14.949840,3.088760
1467879655.548411,1052.272166,488.136146,-49.898201,-11.883935,2.695013,7.097175,-14.783762,3.077159
1467879655.565080,1051.452269,475.442685,-49.804997,-11.830804,2.695576,7.262347,-14.886269,3.081795
1467879655.581793,1038.286190,481.531570,-49.895016,-11.837825,2.688608,7.218040,-14.661800,3.059631
1467879655.598414,1048.362136,478.031716,-49.912453,-11.769967,2.698728,7.264574,-14.713876,3.055977
1467879655.615084,1049.465714,463.373898,-49.855089,-11.669286,2.711829,7.330490,-14.720780,3.047878
1467879655.631698,1053.936183,456.901313,-49.943926,-11.619640,2.722491,7.352698,-14.664985,3.040719
1467879655.648354,1049.745525,461.258502,-50.085475,-11.613055,2.730528,7.427655,-14.666197,3.036661
1467879655.665053,1051.709478,453.838791,-50.209124,-11.615295,2.728063,7.532511,-14.709370,3.028622
1467879655.681670,1050.827551,450.540534,-50.444200,-11.656128,2.741217,7.641646,-14.683014,3.049701
1467879655.698440,1053.007298,446.435381,-50.410352,-11.644563,2.727604,7.853348,-14.929847,3.073862
1467879655.715043,1059.843822,458.612821,-50.285823,-11.577479,2.722518,7.557744,-14.507257,3.054726
1467879655.731647,1057.780097,444.876372,-50.353833,-11.591067,2.720278,7.737681,-14.712423,3.034337
1467879655.748462,1046.986888,450.564333,-49.076909,-11.371164,2.712946,7.688180,-14.611037,3.013992
1467879655.765046,1052.653570,451.666116,-48.726558,-11.287871,2.698288,7.682333,-14.579427,3.015892
1467879655.781650,1044.866091,432.953883,-48.833425,-11.258058,2.682456,8.017241,-14.964137,3.029571
1467879655.798283,1043.861087,454.654010,-48.908233,-11.190067,2.664417,8.027231,-14.826553,3.030645
1467879655.815007,1044.035721,460.799640,-48.438848,-11.097476,2.645015,7.696566,-14.407635,2.995851
1467879655.831699,1045.483419,453.102339,-48.480564,-10.995964,2.646839,7.766147,-14.227874,2.991825
1467879655.848292,1042.418048,441.393980,-48.433195,-10.949782,2.646035,7.675961,-14.208384,2.975323
1467879655.864989,1044.155278,462.047978,-48.342664,-10.834560,2.632007,7.629593,-13.936741,2.954217
1467879655.881635,1043.202601,455.487874,-48.325013,-10.755235,2.638738,7.815854,-14.151342,2.944131
1467879655.898333,1038.499988,468.023550,-48.333364,-10.710230,2.634070,7.794548,-13.948541,2.933312
1467879655.914980,1038.522256,471.079495,-48.361237,-10.642878,2.635037,7.782514,-13.810209,2.925599
1467879655.931596,1034.137882,477.893401,-48.232350,-10.567793,2.629079,7.888993,-13.818387,2.939204
1467879655.948252,1036.652553,479.335433,-48.230006,-10.486026,2.618435,7.903800,-13.779634,2.937141
1467879655.965047,1037.472550,469.671703,-48.188186,-10.451063,2.617873,7.767051,-13.638909,2.915848
1467879655.981638,1036.745261,487.178952,-48.161531,-10.340203,2.611186,7.748861,-13.512151,2.907653
1467879655.998301,1039.617665,486.291348,-48.108401,-10.184433,2.612331,7.806136,-13.441651,2.904932
1467879656.014973,990.787259,490.081045,-48.063757,-10.128679,2.600190,0.000000,0.000000,0.000000
1467879656.031562,1037.002324,503.579303,-48.197872,-10.183520,2.594925,7.698520,-13.228832,2.896379
1467879656.048259,1039.840762,493.592059,-48.314799,-10.183008,2.597752,7.679317,-13.372842,2.875846
1467879656.064895,1039.050622,487.311314,-48.011541,-10.225523,2.588424,7.707831,-13.362439,2.870397
1467879656.081540,1043.010481,486.735575,-48.585044,-10.214887,2.586402,7.829702,-13.496975,2.868382
1467879656.098356,1042.998452,494.803756,-48.333466,-10.189213,2.584291,7.791876,-13.288772,2.847771
1467879656.114877,1039.551171,510.052994,-47.849818,-10.147902,2.579422,7.991642,-13.310925,2.865162
1467879656.131547,1042.928907,502.307199,-47.873791,-10.142902,2.573747,7.901995,-13.229394,2.859049
1467879656.148190,1047.779542,509.717879,-48.145673,-10.177945,2.572781,7.767887,-13.113328,2.840172
1467879656.164848,1053.987774,516.109806,-48.289522,-10.207696,2.572976,7.819695,-13.288324,2.821067
1467879656.181573,1050.300057,520.399372,-48.368846,-10.273597,2.582048,7.777708,-13.217167,2.815451
1467879656.198185,1052.102269,525.124772,-48.607723,-10.326058,2.582927,7.769768,-13.260058,2.817539
1467879656.214823,1053.168844,519.185593,-48.464373,-10.292613,2.593779,7.862981,-13.357295,2.808418
1467879656.231510,1055.935464,522.650262,-48.635271,-10.305692,2.597241,7.766399,-13.252356,2.803887
1467879656.248294,1052.461688,528.683000,-48.514596,-10.295884,2.590427,7.749668,-13.197943,2.788825
1467879656.265057,1054.415657,521.476222,-48.433675,-10.270557,2.599414,7.635561,-13.115738,2.787543
1467879656.281626,1050.349055,526.271228,-48.147196,-10.192919,2.589064,7.727213,-13.054723,2.785871
1467879656.298237,1052.998100,528.739481,-48.026571,-10.078338,2.590037,7.797129,-13.034132,2.790371
1467879656.314965,1050.842545,529.376726,-48.073520,-10.000180,2.599517,7.823570,-13.005847,2.801337
1467879656.331545,1053.456117,526.298649,-47.928510,-9.947083,2.586854,8.114820,-13.154758,2.823174
1467879656.348198,1097.798274,526.188715,-47.752359,-9.900436,2.587981,8.310281,-13.093552,2.815522
1467879656.365014,1132.393709,510.587938,-47.551983,-9.830918,2.601625,8.565092,-13.331429,2.824045
1467879656.381519,1128.086695,519.368454,-47.579577,-9.769967,2.598418,8.531599,-13.084893,2.825122
1467879656.398291,1127.934292,512.637840,-47.841076,-9.746430,2.585802,8.696658,-13.199268,2.842853
1467879656.415041,1134.478339,506.764395,-47.739930,-9.598259,2.582404,8.512178,-13.000102,2.832792
1467879656.431464,1125.641396,504.898062,-47.617436,-9.578456,2.577382,8.531324,-12.864140,2.816907
1467879656.448266,1122.684945,520.289037,-47.842706,-9.468058,2.569336,8.483334,-12.656629,2.833684
1467879656.464894,1116.536644,507.022180,-47.841923,-9.406458,2.580118,8.436425,-12.727557,2.834373
1467879656.481538,1108.786987,491.616004,-47.939051,-9.358279,2.582331,8.536291,-12.979336,2.845849
1467879656.498299,1115.821073,483.324571,-48.122843,-9.354285,2.593583,8.454496,-12.969365,2.856226
1467879656.514817,1111.605472,478.830186,-48.291873,-9.371203,2.600492,8.302123,-12.969070,2.864695
1467879656.531563,1111.662049,478.598295,-48.445599,-9.394594,2.603485,8.196463,-12.965977,2.874577
1467879656.548344,1109.178748,470.560749,-48.632419,-9.461501,2.603501,8.052962,-12.990946,2.888861
1467879656.564791,1111.450681,482.828821,-48.762160,-9.523386,2.610688,7.836230,-12.876099,2.884009
1467879656.581476,1108.830483,484.464220,-49.002732,-9.510984,2.609785,7.618596,-12.812277,2.892094
1467879656.598115,1110.725771,495.852365,-48.941674,-9.445175,2.598662,7.413464,-12.624753,2.893623
1467879656.614879,1106.877862,498.885537,-49.041406,-9.366592,2.609748,7.408927,-12.652871,2.897316
1467879656.631623,1113.494712,492.782032,-49.111868,-9.280921,2.595656,7.378454,-12.781954,2.908917
1467879656.648068,946.537115,580.225167,-51.185979,-9.645209,2.607183,6.612928,-12.464554,2.885187
1467879656.664903,932.606532,1090.613284,-49.018150,-9.224168,2.505937,0.000000,0.000000,0.000000
1467879656.781468,907.874337,933.728152,-49.204375,-9.935227,2.411002,0.000000,0.000000,0.000000
1467879656.798114,738.400691,879.555443,-49.562857,-10.100563,2.452674,6.200164,-12.941248,2.891987
1467879656.814724,734.616787,903.850526,-49.501416,-10.183093,2.479120,6.114479,-12.810335,2.894213
1467879656.831541,727.830555,936.058873,-49.364652,-10.192484,2.504055,6.151644,-12.730776,2.893631
1467879656.848029,730.371634,916.464030,-52.624435,-10.948099,2.548544,6.258529,-13.029029,2.908274
1467879656.864773,731.752457,900.519588,-52.350676,-10.960066,2.595468,6.215646,-12.965529,2.894915
1467879656.881528,731.527599,888.337893,-52.347555,-11.013640,2.624613,6.205292,-13.118407,2.881831
1467879656.897960,730.750604,892.886471,-52.331634,-11.039836,2.658744,6.135994,-13.093600,2.871461
1467879656.914798,724.851956,913.008847,-52.029910,-10.971084,2.666561,6.048835,-12.929095,2.876170
1467879656.931380,727.042735,905.459188,-49.428179,-10.466145,2.662673,6.005472,-12.976576,2.873353
1467879656.948254,724.925629,928.316172,-49.280484,-10.413899,2.652764,5.983853,-13.005204,2.884802
1467879656.965024,720.160729,893.583480,-49.342366,-10.508652,2.645047,5.931323,-13.151259,2.903687
1467879656.981532,719.318492,940.766133,-49.545467,-10.565709,2.634673,5.792947,-13.218382,2.903213
1467879656.998336,718.714449,935.542809,-49.498508,-10.618695,2.648313,5.735127,-13.273330,2.910091
1467879657.014856,719.478724,941.209613,-49.447714,-10.647977,2.667467,5.648086,-13.302792,2.911012
1467879657.031509,716.423300,952.959010,-49.647894,-10.703685,2.674253,5.663926,-13.394799,2.918342
1467879657.048216,717.237067,948.056230,-49.590113,-10.732175,2.687785,5.653186,-13.463969,2.911725
1467879657.064905,712.631187,951.952068,-49.699976,-10.794549,2.679621,5.646279,-13.531971,2.919796
1467879657.081433,715.922838,943.824850,-49.674652,-10.810623,2.669572,5.643369,-13.574722,2.933287
1467879657.098299,717.985885,954.803690,-49.668608,-10.772462,2.652812,5.549314,-13.488455,2.931927
1467879657.114790,707.426947,944.520372,-49.706722,-10.829850,2.640569,5.553807,-13.573874,2.948371
1467879657.131510,718.022765,966.435186,-49.728444,-10.984439,2.645689,5.400860,-13.681571,2.961076
1467879657.148237,713.224415,1005.998468,-49.855292,-11.120543,2.668010,5.251729,-13.657198,2.948199
1467879657.164912,705.957097,1028.456508,-49.892352,-11.161019,2.682788,5.286196,-13.812699,2.950778
1467879657.181429,704.743923,1004.243174,-50.047461,-11.254968,2.695149,5.172794,-13.845552,2.928535
1467879657.198285,732.777934,1021.494643,0.000000,0.000000,0.000000,5.111867,-13.929473,2.925057
1467879657.214757,705.327487,1024.729444,-50.137360,-11.302906,2.705025,5.068159,-13.932981,2.935898
1467879657.231534,706.120946,1000.955522,-50.153703,-11.304536,2.692065,5.031396,-13.969366,2.926501
1467879657.248060,711.986170,1030.276080,-50.172751,-11.315835,2.712095,4.955426,-13.933783,2.924861
1467879657.264712,707.426449,1012.607965,-50.336081,-11.347264,2.693166,4.859445,-13.932940,2.919777
1467879657.281193,711.912428,1010.158729,-50.373699,-11.419264,2.669798,4.745809,-13.819349,2.909084
1467879657.297897,705.851118,1015.875683,-50.533217,-11.439019,2.685525,4.641205,-13.840585,2.907860
1467879657.314602,718.021148,1010.194564,-50.533758,-11.454940,2.670197,4.491192,-13.752115,2.901417
1467879657.331192,715.075394,1011.906193,-50.594997,-11.499106,2.680631,4.377221,-13.730085,2.898871
1467879657.347858,716.743242,1007.448542,-50.724556,-11.531681,2.665082,4.287346,-13.748645,2.885054
1467879657.364353,716.026059,1009.396325,-50.952262,-11.549661,2.660511,4.189323,-13.740588,2.882561
1467879657.381046,720.195201,1011.194955,-50.945620,-11.532550,2.667395,4.078964,-13.678100,2.884129
1467879657.397780,725.210320,1013.673424,-51.233494,-11.580277,2.686542,3.967687,-13.690477,2.863940
1467879657.414409,723.674344,1030.318174,-51.353620,-11.593107,2.701149,3.917419,-13.710172,2.861414
1467879657.431023,725.468458,1018.552835,-51.196110,-11.651940,2.692604,3.871339,-13.779983,2.852512
1467879657.447728,732.534408,1011.976960,-51.152274,-11.733254,2.692705,3.840552,-13.787702,2.848349
1467879657.464414,717.186248,1024.718996,-51.147255,-11.807336,2.690147,3.940857,-13.915651,2.832149
1467879657.481026,754.622220,1026.182254,-50.845840,-11.861152,2.692103,4.122489,-13.842790,2.815990
1467879657.497682,771.885154,1032.548329,-50.675339,-11.963982,2.679517,4.188160,-13.889238,2.823851
1467879657.514357,795.086239,1021.481063,-50.569084,-12.095711,2.668228,4.264773,-13.818581,2.819170
1467879657.531080,766.157507,1025.727699,-50.284732,-12.214943,2.664068,4.518431,-14.096354,2.800439
1467879657.547664,753.802284,1036.401534,-50.164460,-12.408749,2.655688,4.732677,-14.281883,2.798680
1467879657.564358,765.514081,1011.277677,-50.079117,-12.582215,2.647651,4.939780,-14.606521,2.777722
1467879657.581019,769.386162,1004.183249,-49.810213,-12.752138,2.642053,5.226731,-14.801462,2.783763
1467879657.597679,763.362784,1025.178202,-49.643933,-12.914275,2.639919,5.518841,-14.938767,2.796140
1467879657.614321,766.479701,1028.454168,-49.443244,-13.045351,2.640150,5.810867,-14.940365,2.785579
1467879657.630963,775.026402,1033.655340,-49.163155,-13.114724,2.649694,6.010352,-14.975874,2.792747
1467879657.647630,768.424566,1031.630391,-48.715022,-13.162013,2.655219,6.426255,-15.044600,2.792712
1467879657.664296,805.188380,1024.225272,-47.988926,-13.146780,2.644341,6.864446,-15.073426,2.796416
1467879657.680929,856.329794,1006.732113,-47.370212,-13.168596,2.640382,7.442649,-15.131301,2.780289
1467879657.697663,873.122644,1024.995819,-47.046770,-13.255531,2.628857,7.895277,-15.134776,2.776922
1467879657.714258,876.062907,1007.349035,-46.555929,-13.239480,2.639716,8.334999,-15.230621,2.757670
1467879657.730958,879.226293,1008.101190,-46.115820,-13.361669,2.625201,8.790268,-15.249997,2.748410
1467879657.747613,901.690564,1019.195597,-45.490588,-13.447910,2.600974,9.271138,-15.244175,2.760371
1467879657.764259,904.926903,1009.669673,-45.062199,-13.622922,2.585398,9.764233,-15.356202,2.755901
1467879657.780896,900.714088,1019.636323,-44.452425,-13.786398,2.570632,10.239710,-15.439799,2.742780
1467879657.797637,892.719681,1002.908833,-43.913615,-13.900268,2.578884,10.784260,-15.383652,2.739190
1467879657.814270,890.226098,1013.440363,-43.308224,-13.858835,2.578853,11.347663,-15.116513,2.741973
1467879657.830884,890.403735,1018.388588,-42.519227,-13.749971,2.578235,11.901952,-14.601873,2.748712
1467879657.847578,900.646686,1009.671431,-41.851617,-13.622524,2.566347,12.510398,-14.025679,2.739660
1467879657.864212,902.732269,1021.774068,-41.301969,-13.428366,2.562782,13.184720,-13.410005,2.742165
1467879657.880888,890.680348,1017.727940,-40.498597,-13.175198,2.580440,13.743692,-12.849477,2.722885
1467879657.897563,906.368129,1017.236125,-39.810999,-12.882393,2.565417,14.441788,-12.455293,2.739728
1467879657.914314,905.969049,1010.919047,-39.016519,-12.637749,2.534137,15.080049,-12.204439,2.720081
1467879657.930909,899.446088,1008.338164,-38.642818,-12.452276,2.536642,15.777630,-12.016967,2.723885
1467879657.947503,897.543913,1004.411992,-38.027706,-12.194012,2.550282,16.194128,-11.607100,2.723926
1467879657.964239,996.659057,848.394531,-37.346881,-11.693023,2.548366,16.929418,-11.110135,2.748727
1467879658.064183,1105.427315,531.810080,-40.894383,-11.024898,2.599364,17.478848,-9.304378,2.761663
1467879658.080821,1091.637027,526.373246,-41.362847,-10.954917,2.622217,17.027722,-9.078048,2.760554
1467879658.097592,1090.769003,529.944110,-41.586914,-10.730132,2.648191,16.412296,-8.863769,2.741792
1467879658.114071,1088.494592,576.523433,-39.945523,-10.005543,2.626939,15.996126,-8.817767,2.743781
1467879658.130758,1094.280165,556.515660,-41.429303,-10.145252,2.638757,16.203143,-9.082163,2.755925
1467879658.147443,1085.694051,548.373567,-41.600473,-10.098656,2.643403,15.628143,-9.097178,2.764835
1467879658.164104,1095.715819,561.125610,-41.729587,-9.957093,2.645618,15.063750,-9.089837,2.770113
1467879658.180782,1072.026052,558.682379,-42.342051,-9.831554,2.643547,0.000000,0.000000,0.000000
1467879658.197463,1026.046289,565.855837,-42.429982,-9.619796,2.651771,0.000000,0.000000,0.000000
1467879658.214094,1057.437611,557.809758,-43.061221,-9.507379,2.638217,0.000000,0.000000,0.000000
1467879658.230751,1055.319911,565.472808,-43.854497,-9.298505,2.652920,0.000000,0.000000,0.000000
1467879658.247388,1078.330793,549.205654,-44.722624,-9.170913,2.658444,12.306569,-9.296381,2.775169
1467879658.264086,1066.089852,493.291195,-45.477715,-9.024694,2.666879,12.055979,-9.629031,2.803958
1467879658.280712,1061.837100,541.123582,-46.360009,-8.869842,2.662956,11.208571,-9.160777,2.815158
1467879658.297430,1059.891097,539.668709,-47.301865,-8.764484,2.657465,10.118415,-8.821181,2.813783
1467879658.314117,1072.434567,528.933822,-48.121933,-8.676621,2.661740,9.527037,-9.031616,2.835880
1467879658.330688,1085.503077,544.984843,-48.782071,-8.558381,2.680050,8.785819,-9.038987,2.831976
1467879658.347405,1061.398176,535.459468,-49.610163,-8.480131,2.690907,8.241938,-9.036260,2.832775
1467879658.363956,1077.100773,485.863770,-50.172880,-8.395223,2.701108,7.715940,-9.290508,2.840156
1467879658.380700,1068.352365,506.367271,-50.479532,-8.325865,2.705676,7.640074,-9.413437,2.866347
1467879658.397377,1059.676407,530.977364,-50.710643,-8.277572,2.703021,7.187451,-8.975102,2.882600
1467879658.413955,1051.141385,497.427784,-50.934587,-8.136660,2.708390,7.098843,-8.999786,2.861979
1467879658.430703,1057.952415,530.346733,-50.986365,-7.992940,2.718033,6.994313,-8.660730,2.875262
1467879658.447328,1046.144724,505.899952,-51.101475,-7.864602,2.714622,7.128697,-8.701550,2.888979
1467879658.464032,1056.947527,485.741013,-51.018659,-7.758240,2.724384,7.156448,-8.718146,2.906401
1467879658.480633,1067.330819,520.168162,-50.836207,-7.706963,2.716903,7.091803,-8.371864,2.911089
1467879658.497309,1080.308899,510.497678,-50.903565,-7.673860,2.727467,7.146381,-8.264707,2.910913
1467879658.514013,1062.342525,526.173241,-50.689637,-7.673532,2.728091,7.328351,-8.031042,2.913286
1467879658.530733,1064.350912,519.280037,-50.514694,-7.650137,2.732264,7.612112,-8.010538,2.910644
1467879658.547272,1033.257895,485.706423,-50.296167,-7.624585,2.737660,0.000000,0.000000,0.000000
1467879658.563994,1059.323189,523.641667,-50.076648,-7.572763,2.741419,8.050871,-7.646075,2.918924
1467879658.580845,1050.197136,487.703087,-49.752745,-7.460989,2.739028,8.212739,-7.723960,2.927567
1467879658.597394,1057.719984,488.607904,-49.674833,-7.485703,2.736539,8.348088,-7.495978,2.921233
1467879658.614035,1061.589548,512.370710,-49.489945,-7.474631,2.731605,8.594110,-7.363974,2.926167
1467879658.630833,1104.550143,508.250561,-48.257341,-7.371036,2.718896,8.922777,-7.372542,2.926042
1467879658.647340,1116.534647,499.101895,-48.703657,-7.402526,2.731464,0.000000,0.000000,0.000000
1467879658.664063,1119.010533,498.430480,-48.946586,-7.561847,2.734939,0.000000,0.000000,0.000000
1467879658.680659,1078.309733,486.540622,-48.590882,-7.741020,2.736481,0.000000,0.000000,0.000000
1467879658.697331,1094.113544,497.090343,-48.569631,-7.798839,2.736314,0.000000,0.000000,0.000000
1467879658.714022,1123.466190,500.875591,-48.427694,-7.811640,2.736937,0.000000,0.000000,0.000000
1467879658.730648,1118.460716,489.652219,-48.444130,-8.028880,2.752829,0.000000,0.000000,0.000000
1467879658.747338,1099.706737,489.274892,-48.025585,-8.124857,2.758414,0.000000,0.000000,0.000000
1467879658.763824,1087.308276,494.147967,-47.822991,-8.259674,2.758711,0.000000,0.000000,0.000000
1467879658.780603,1097.304476,482.890268,-47.905801,-8.495809,2.748292,0.000000,0.000000,0.000000
1467879658.797209,1098.285380,490.585854,-47.793593,-8.652680,2.742572,0.000000,0.000000,0.000000
1467879658.814012,1100.352440,490.617809,-47.655041,-8.846596,2.743376,0.000000,0.000000,0.000000
1467879658.830676,1092.101333,496.890633,-47.392034,-8.896811,2.742235,0.000000,0.000000,0.000000
1467879658.847315,1094.741486,501.378048,-47.181452,-8.957298,2.752061,0.000000,0.000000,0.000000
1467879658.863960,1099.288633,485.739761,-46.977301,-9.083021,2.757056,0.000000,0.000000,0.000000
1467879658.880674,1089.084514,473.124597,-46.665734,-9.087171,2.779068,0.000000,0.000000,0.000000
1467879658.897230,1102.994539,504.006260,-46.429300,-9.010863,2.783427,11.804388,-9.354413,2.937126
1467879658.914064,1109.578510,489.739861,-46.020495,-8.871041,2.785639,12.241730,-9.492175,2.962314
1467879658.930931,1106.574112,506.647381,-45.822737,-8.743441,2.790724,12.387276,-9.337823,2.962916
1467879658.947430,1100.264004,476.564380,-45.337749,-8.705051,2.778545,0.000000,0.000000,0.000000
1467879658.964108,1098.077796,480.152115,-44.392111,-8.502685,2.775732,0.000000,0.000000,0.000000
1467879658.980761,1103.028815,475.174091,-44.421676,-8.468786,2.794292,0.000000,0.000000,0.000000
1467879658.997521,1111.862663,477.174613,-43.977896,-8.302464,2.797993,0.000000,0.000000,0.000000
1467879659.014192,1112.975000,474.311556,-43.802940,-8.150159,2.792275,0.000000,0.000000,0.000000
1467879659.030802,1100.555029,480.501788,-43.075796,-7.848024,2.781311,0.000000,0.000000,0.000000
1467879659.047375,1110.580056,478.174229,-43.299779,-7.669874,2.783446,0.000000,0.000000,0.000000
1467879659.064217,1115.834713,480.913973,-42.910306,-7.360852,2.788556,0.000000,0.000000,0.000000
1467879659.080721,1153.965802,493.620979,-43.062248,-7.160730,2.788840,14.508805,-8.556090,2.966582
1467879659.097393,1154.519805,502.578509,-43.054409,-6.916407,2.783897,14.633130,-8.243234,2.984310
1467879659.113902,1157.888609,493.844471,-42.371837,-6.557482,2.774245,14.526883,-8.015646,2.994623
1467879659.130664,1149.207353,495.607336,-42.351759,-6.300689,2.777702,14.780170,-7.804925,2.990308
1467879659.147187,1162.027100,475.246792,-43.662594,-6.230164,2.784741,0.000000,0.000000,0.000000
1467879659.263763,710.708285,602.022409,-43.258665,-5.859692,2.786433,16.443273,-7.022306,2.985611
1467879659.280313,1175.279210,481.594962,-44.928212,-6.144364,2.802219,0.000000,0.000000,0.000000
1467879659.297032,1143.572165,535.208331,-43.922292,-6.155349,2.800739,0.000000,0.000000,0.000000
1467879659.313811,1159.174818,525.877175,-44.230409,-6.374700,2.820574,0.000000,0.000000,0.000000
1467879659.330453,1126.656159,514.244205,-43.887000,-6.645493,2.824040,14.736661,-7.668745,2.998365
1467879659.347122,1127.363903,543.207954,-43.300678,-6.656308,2.816422,0.000000,0.000000,0.000000
1467879659.363705,1141.792395,543.254299,-43.246253,-6.780215,2.808963,0.000000,0.000000,0.000000
1467879659.380377,1163.999654,559.494902,-43.027275,-6.845553,2.802744,14.732416,-8.038991,2.998298
1467879659.397151,1118.889706,507.050546,-42.728889,-7.019799,2.798636,0.000000,0.000000,0.000000
1467879659.413789,1208.468063,551.670236,-42.527702,-7.015971,2.806572,14.833720,-8.241887,3.010304
1467879659.430494,1147.702232,544.520053,-42.370428,-7.153254,2.796495,0.000000,0.000000,0.000000
1467879659.447085,1132.999219,542.635923,-42.098842,-7.318721,2.805565,0.000000,0.000000,0.000000
1467879659.463980,1165.616260,562.056493,-41.934606,-7.485800,2.801004,15.602729,-8.768003,3.016008
1467879659.480505,1128.028234,537.177162,-42.057079,-7.720335,2.802114,0.000000,0.000000,0.000000
1467879659.497290,1134.868880,513.037583,-41.599877,-7.985974,2.811751,0.000000,0.000000,0.000000
1467879659.513974,1113.025395,566.311134,-41.613742,-8.273200,2.797166,0.000000,0.000000,0.000000
1467879659.663585,1160.904279,467.093010,-46.950708,-10.812640,2.819773,12.712201,-12.222517,3.045820
1467879659.680169,1162.908188,493.929591,-46.782127,-10.693603,2.824134,12.152461,-12.384972,3.061989
1467879659.696871,1160.930016,503.919641,-46.441589,-10.599929,2.824719,11.658399,-12.375566,3.058570
1467879659.713494,1147.357692,500.280924,-46.675872,-10.633196,2.821565,11.493362,-12.683090,3.065754
1467879659.730173,1147.031832,486.634210,-47.160158,-10.750144,2.822272,10.776088,-12.521945,3.055347
1467879659.746821,1150.274810,495.703958,-47.640433,-10.799465,2.815087,10.281534,-12.490389,3.047198
1467879659.763580,1157.839299,484.305324,-48.055879,-10.779670,2.815206,9.838142,-12.566135,3.062785
1467879659.780134,1144.736427,491.640242,-48.034374,-10.568476,2.804519,9.299766,-12.538047,3.058854
1467879659.796846,1131.133971,468.902183,-51.002050,-11.031662,2.834150,8.685504,-12.341748,3.052774
1467879659.813544,1138.414728,474.922760,-50.183617,-10.631823,2.826139,8.187923,-12.101047,3.054725
1467879659.830109,1123.921710,481.025287,-50.526430,-10.392372,2.833320,7.738382,-11.678606,3.073182
1467879659.846799,1144.817389,415.964264,0.000000,0.000000,0.000000,7.402234,-11.240881,3.083901
1467879659.863512,1146.179958,415.778289,-51.389982,-10.190553,2.839091,7.313755,-10.784785,3.097706
1467879659.880105,1142.606546,419.456853,-51.255813,-9.846453,2.844796,7.369642,-10.388325,3.104136
1467879659.896876,1141.569481,421.954190,-51.236538,-9.505845,2.844925,7.598140,-9.919597,3.115044
1467879659.913428,1138.293461,467.378114,-50.652810,-9.084165,2.862744,7.919959,-9.436725,3.096102
1467879659.930118,1138.316064,468.040874,-50.109073,-8.768128,2.867282,8.477996,-9.257715,3.090291
1467879659.946792,1138.785076,453.389271,-49.419405,-8.537721,2.861952,9.320922,-9.289898,3.082747
1467879659.963423,1136.847052,454.786356,-48.333849,-8.347434,2.865600,10.244420,-9.260550,3.082099
1467879659.980076,1136.627608,465.878285,-47.546979,-8.254174,2.880591,11.210806,-9.222999,3.076045
1467879659.996782,1141.860087,466.336611,-46.726281,-8.154989,2.890099,12.121921,-9.192365,3.081430
1467879660.013476,1138.807909,461.783089,-45.620555,-8.057235,2.890055,13.106893,-9.272559,3.090029
1467879660.030080,1135.492562,458.632119,-44.536134,-7.948540,2.864749,14.006562,-9.317700,3.086489
1467879660.046798,1143.366671,472.613967,-43.875261,-7.941647,2.858954,14.746743,-9.152524,3.101547
1467879660.063424,1141.525156,481.672467,-43.047650,-7.934342,2.866326,15.452503,-9.155788,3.107357
1467879660.080043,1056.910889,494.581962,-42.537003,-8.027687,2.858626,15.552952,-9.077469,3.078152
1467879660.096693,1037.001894,483.050363,-42.223463,-8.178702,2.851760,0.000000,0.000000,0.000000
1467879660.113462,1060.975672,537.887752,-41.640104,-8.236388,2.840842,16.577995,-9.231061,3.055436
1467879660.130027,1038.536993,481.767560,-41.250899,-8.365773,2.839775,0.000000,0.000000,0.000000
1467879660.146695,1034.638407,480.182252,-40.699336,-8.474060,2.851139,0.000000,0.000000,0.000000
1467879660.163318,1042.812210,539.631559,-40.404796,-8.589985,2.842174,17.601048,-9.451471,3.025088
1467879660.179984,1017.736216,483.824002,-39.546190,-8.568255,2.831652,0.000000,0.000000,0.000000
1467879660.196758,1050.926478,543.140844,-39.389228,-8.645343,2.829752,18.720221,-9.939803,3.001352
1467879660.213316,1031.395820,492.555139,-39.148879,-8.745760,2.809314,0.000000,0.000000,0.000000
1467879660.229959,1032.969449,481.961394,-39.313344,-8.928414,2.806884,0.000000,0.000000,0.000000
1467879660.246680,1033.087738,493.228728,-38.952566,-8.906878,2.790744,0.000000,0.000000,0.000000
1467879660.263325,1031.605501,495.196963,-38.826683,-9.014895,2.770902,0.000000,0.000000,0.000000
1467879660.279961,1030.161336,505.758514,-38.690614,-9.118596,2.758181,0.000000,0.000000,0.000000
1467879660.296617,1072.925990,500.782792,-38.681478,-9.247647,2.760009,19.036533,-10.859765,3.010047
1467879660.313281,1070.046175,551.530124,-38.776016,-9.358837,2.755650,18.286443,-10.471241,2.988543
1467879660.330011,1031.214518,490.834611,-39.149496,-9.560262,2.764845,0.000000,0.000000,0.000000
1467879660.346599,1026.876990,492.250916,-39.189175,-9.601880,2.750797,0.000000,0.000000,0.000000
1467879660.363313,1036.357788,498.595062,-39.288877,-9.538467,2.752897,0.000000,0.000000,0.000000
1467879660.379884,1033.996818,503.226535,-39.381729,-9.555199,2.737091,0.000000,0.000000,0.000000
1467879660.396627,1043.662782,507.945620,-39.497337,-9.503458,2.743485,0.000000,0.000000,0.000000
1467879660.413275,1050.719256,507.864587,-39.797230,-9.515814,2.749706,0.000000,0.000000,0.000000
1467879660.429946,1041.352177,505.174426,-40.009731,-9.575761,2.741275,0.000000,0.000000,0.000000
1467879660.446605,1081.289421,518.534574,-40.159895,-9.530136,2.742662,16.914443,-10.969991,2.983141
1467879660.463301,1083.206713,524.682176,-40.086618,-9.511016,2.740406,16.649667,-10.869886,2.955187
1467879660.479870,1071.831929,520.341506,-40.267030,-9.472393,2.737712,16.451731,-10.829826,2.932416
1467879660.496521,1067.802206,525.574845,-40.411157,-9.368934,2.719097,16.226969,-10.651827,2.929826
1467879660.513192,1082.555101,553.570042,-41.228129,-9.438158,2.715545,15.887430,-10.371758,2.927692
1467879660.529898,1074.833421,541.554694,-40.685474,-9.259803,2.699101,15.793241,-10.375229,2.923039
1467879660.546557,1072.476715,542.614622,-41.326573,-9.363268,2.702891,15.710242,-10.268206,2.921780
1467879660.563229,1073.742199,549.953173,-41.070780,-9.218760,2.702887,15.685364,-10.189660,2.913157
1467879660.579837,1077.685428,546.771319,-41.049249,-9.184651,2.695542,15.720345,-10.200094,2.907501
1467879660.596506,1080.587357,553.702070,-40.878783,-9.113311,2.683304,15.842443,-10.157842,2.901768
1467879660.613168,1087.610345,524.200489,-40.461535,-9.132564,2.690689,16.316786,-10.554528,2.898271
1467879660.629855,1084.928514,495.658588,-40.387680,-9.167913,2.682299,16.830117,-10.902955,2.924487
1467879660.646472,1095.522771,509.828123,-40.214457,-9.138891,2.679335,16.756714,-10.814717,2.920093
1467879660.663156,1097.103242,544.766333,-39.940798,-9.206190,2.666437,16.708331,-10.632994,2.924722
1467879660.679842,1086.042204,536.622920,-39.793358,-9.242078,2.672440,16.969547,-10.779000,2.916972
1467879660.696521,1134.738762,509.979910,-39.578672,-9.283828,2.668342,17.103830,-10.801834,2.922872
1467879660.713153,1103.053582,504.178440,-39.217380,-9.326977,2.670338,0.000000,0.000000,0.000000
1467879660.729752,1106.254986,508.387977,-38.934913,-9.383945,2.668690,0.000000,0.000000,0.000000
1467879660.746446,1103.024391,509.618344,-38.878253,-9.430938,2.673836,0.000000,0.000000,0.000000
1467879660.763159,1104.040776,502.018320,-38.770251,-9.513537,2.666031,0.000000,0.000000,0.000000
1467879660.779803,1103.514981,501.125421,-38.574381,-9.602461,2.662609,0.000000,0.000000,0.000000
1467879660.796467,1106.842102,507.843018,-38.492406,-9.629337,2.668935,0.000000,0.000000,0.000000
1467879660.813072,1109.196646,505.602444,-38.474272,-9.683708,2.678515,0.000000,0.000000,0.000000
1467879660.829739,1106.470651,508.548575,-38.323571,-9.700618,2.682725,0.000000,0.000000,0.000000
1467879660.846450,1108.930215,503.956208,-38.219775,-9.731927,2.676855,0.000000,0.000000,0.000000
1467879660.863018,1108.319621,506.937804,-38.028903,-9.685898,2.678790,0.000000,0.000000,0.000000
1467879660.879714,1109.235403,513.120906,-38.053438,-9.659852,2.682595,0.000000,0.000000,0.000000
1467879660.896621,1130.920861,538.155967,-38.040014,-9.727769,2.688008,18.234235,-11.221900,2.918716
1467879660.913328,1074.676815,506.674502,-38.125301,-9.783031,2.680969,18.335928,-11.578680,2.916109
1467879660.929819,1099.932614,518.244944,-38.117437,-9.846427,2.685958,19.262247,-12.021054,2.945611
1467879660.946576,1093.935735,520.913317,-38.151819,-9.941783,2.691722,19.408793,-12.094193,2.963328
1467879660.963362,1096.869119,544.992962,-38.190074,-9.992795,2.695921,18.582022,-11.729855,2.955999
1467879660.979867,1099.114566,530.963127,-38.284273,-10.010236,2.695728,18.600922,-11.900387,2.955764
1467879660.996583,1092.056297,534.217067,-38.435625,-10.073036,2.698659,18.552678,-11.952751,2.961226
1467879661.013155,1093.138858,529.073088,-38.544702,-10.235417,2.698797,18.549038,-12.027931,2.971951
1467879661.029855,1092.095474,542.082291,-38.766572,-10.284684,2.690633,18.320435,-11.944411,2.969210
1467879661.046481,1098.641093,545.217388,-38.991502,-10.330436,2.709653,18.217700,-11.870372,2.966954
1467879661.063186,1091.692589,545.883143,-39.099760,-10.371473,2.717003,17.988944,-11.822277,2.966512
1467879661.080117,1091.558996,553.700063,-39.130933,-10.398750,2.722117,17.850406,-11.744196,2.965436
1467879661.096649,1087.725909,551.019276,-39.220841,-10.430092,2.730071,17.771476,-11.800702,2.976649
1467879661.113304,1087.846869,555.745554,-39.242760,-10.445078,2.728883,17.717501,-11.800425,2.980532
1467879661.130010,1086.977192,547.288411,-39.258172,-10.450995,2.722718,17.703655,-11.884327,2.989906
1467879661.146400,1078.363913,566.921948,-38.814216,-10.347581,2.717583,17.627156,-11.721471,2.993227
1467879661.163312,1082.607201,554.409384,-38.951092,-10.336323,2.725413,17.524145,-11.814374,2.975721
1467879661.179792,1080.398810,555.867191,-38.823868,-10.329898,2.719439,17.569113,-11.833577,2.973561
1467879661.196501,1086.137621,554.315701,-38.725724,-10.373746,2.726368,17.925816,-11.989882,2.988858
1467879661.213299,1146.230748,535.201593,-38.710691,-10.481308,2.730035,0.000000,0.000000,0.000000
1467879661.229924,1145.974481,543.744006,-38.411584,-10.430463,2.729810,18.877260,-12.361669,3.007430
1467879661.246598,1168.992791,539.366437,-38.074868,-10.412188,2.720181,18.082189,-12.107591,2.991394
1467879661.263215,1168.593091,530.787141,-38.026819,-10.438624,2.701111,18.196748,-12.200414,3.001584
1467879661.279861,1161.360046,533.639389,-38.069011,-10.439046,2.708736,18.300252,-12.263880,2.991503
1467879661.296726,1165.639819,526.088522,-38.234542,-10.469555,2.708072,18.296939,-12.235070,2.977007
1467879661.313191,1168.089728,533.183822,-38.176718,-10.424953,2.718966,18.228608,-12.191869,2.977612
1467879661.329818,1166.657518,528.715076,-38.145812,-10.396933,2.717910,19.137993,-12.599292,3.002414
1467879661.346569,1165.014444,532.218730,-38.158373,-10.361889,2.724503,19.154019,-12.609073,3.022081
1467879661.363036,1166.905985,538.122169,-38.174091,-10.339012,2.730212,19.191043,-12.655021,3.035224
1467879661.379977,1166.131501,539.792463,-38.232949,-10.346031,2.731322,19.106121,-12.619673,3.054439
1467879661.396602,1163.614058,544.974802,-38.251478,-10.374302,2.716518,19.192244,-12.642785,3.064996
1467879661.413178,1166.419390,537.692159,-38.317827,-10.486802,2.719686,19.163684,-12.623492,3.078030
1467879661.429884,1139.839189,553.063052,-38.150469,-10.501332,2.716915,0.000000,0.000000,0.000000
1467879661.446626,1137.080749,550.400548,-38.272530,-10.478030,2.723729,0.000000,0.000000,0.000000
1467879661.463279,1132.378452,553.426164,-38.256032,-10.536090,2.723165,0.000000,0.000000,0.000000
1467879661.480025,1132.543014,552.883928,-38.293386,-10.547870,2.723206,0.000000,0.000000,0.000000
1467879661.496397,1128.961947,556.379478,-38.268434,-10.547617,2.721608,0.000000,0.000000,0.000000
1467879661.513363,1132.707677,559.060387,-38.329830,-10.563616,2.726304,0.000000,0.000000,0.000000
1467879661.529882,1134.592914,556.748686,-38.438370,-10.637517,2.735649,0.000000,0.000000,0.000000
1467879661.546434,1128.550925,555.669309,-38.433226,-10.697745,2.739616,0.000000,0.000000,0.000000
1467879661.563342,1129.570391,556.248884,-38.485319,-10.764179,2.739112,0.000000,0.000000,0.000000
1467879661.579772,1129.384170,557.872118,-38.354458,-10.772658,2.729662,0.000000,0.000000,0.000000
1467879661.596490,1128.740701,565.478753,-38.390729,-10.822319,2.736206,0.000000,0.000000,0.000000
1467879661.613072,1181.153351,551.017840,-38.444918,-10.941673,2.738287,17.553888,-12.663385,3.072964
1467879661.629825,1160.243587,549.580929,-38.369830,-10.944070,2.730729,18.647086,-13.329333,3.087531
1467879661.646329,1133.505375,556.008057,-38.498437,-11.058162,2.729426,0.000000,0.000000,0.000000
1467879661.663079,1167.174346,548.589330,-38.446203,-11.041115,2.722674,18.492104,-13.343956,3.104869
1467879661.679736,1178.492846,541.413797,-38.884050,-11.170033,2.723575,18.361760,-13.343167,3.107281
1467879661.696462,1173.395828,544.648933,-38.792996,-11.173397,2.716550,18.295603,-13.339290,3.087259
1467879661.713145,1177.236854,548.657039,-38.904480,-11.275293,2.734383,18.225488,-13.347959,3.109969
1467879661.729798,1177.219958,539.419453,-39.031727,-11.359061,2.736465,18.286708,-13.489922,3.112182
1467879661.746293,1147.372443,536.512952,-39.386011,-11.545244,2.754332,0.000000,0.000000,0.000000
1467879661.762885,1152.861581,532.163474,-39.504560,-11.592180,2.763715,0.000000,0.000000,0.000000
1467879661.779724,1155.606593,541.864219,-39.460084,-11.567654,2.773747,0.000000,0.000000,0.000000
1467879661.796153,1158.273566,535.869371,-39.630554,-11.618756,2.783801,0.000000,0.000000,0.000000
1467879661.812934,1155.524854,529.168555,-39.664732,-11.677367,2.785751,0.000000,0.000000,0.000000
1467879661.829624,1184.544623,527.559643,-39.475849,-11.653723,2.779689,18.173514,-13.625372,3.138967
1467879661.846181,1155.864032,523.395651,-39.599669,-11.673711,2.781206,0.000000,0.000000,0.000000
1467879661.862798,1180.121157,534.943203,-39.696794,-11.688911,2.793266,18.195062,-13.533983,3.134898
1467879661.879456,1188.408572,525.544001,-39.697434,-11.701233,2.796648,18.281182,-13.626778,3.131445
1467879661.896397,1158.611106,518.563922,-39.686888,-11.704634,2.802398,0.000000,0.000000,0.000000
1467879661.912837,1153.053755,513.850486,-39.364871,-11.694861,2.794934,0.000000,0.000000,0.000000
1467879661.929438,1155.356795,547.550639,-39.245074,-11.497030,2.791121,0.000000,0.000000,0.000000
1467879661.946098,1146.090489,568.694961,-38.722901,-11.342208,2.787971,0.000000,0.000000,0.000000
1467879661.962764,1184.621120,520.309887,-38.814739,-11.358929,2.774466,18.299784,-13.771169,3.127337
1467879661.979399,1182.928060,510.231343,-39.364556,-11.503667,2.761185,18.246874,-13.694946,3.130666
1467879661.996080,1175.521658,547.255574,-39.226687,-11.442786,2.758619,17.810953,-13.188836,3.131848
1467879662.012588,1173.896263,545.556354,-39.226910,-11.403349,2.757112,17.770896,-13.152937,3.118214
1467879662.029294,1176.850693,551.612458,-39.298752,-11.363155,2.754608,18.220630,-13.494269,3.110012
1467879662.046028,1183.099281,535.173109,-39.311641,-11.449066,2.762821,18.585894,-13.844424,3.118769
1467879662.062601,1175.492538,520.505178,-39.184925,-11.520319,2.767073,17.793108,-13.589074,3.099848
1467879662.079280,1137.455455,554.220047,-39.418926,-11.594722,2.764919,17.479612,-13.309074,3.088873
1467879662.095925,1137.298603,555.590854,-39.320939,-11.730554,2.768518,17.455413,-13.410472,3.060742
1467879662.112665,1118.984529,547.854336,-39.311528,-11.769624,2.763281,0.000000,0.000000,0.000000
1467879662.129246,1119.094740,557.605959,-39.081835,-11.876124,2.755986,17.647876,-13.683016,3.043750
1467879662.145885,1137.511672,563.688302,-39.159840,-11.985710,2.760969,17.536372,-13.689886,3.045930
1467879662.162554,1128.063424,560.142809,-39.115810,-12.105728,2.752850,17.462699,-13.809748,3.048191
1467879662.179230,1115.045961,509.518690,-39.228452,-12.280229,2.751101,17.591576,-14.232869,3.043248
1467879662.195984,1118.818761,561.242261,-39.185256,-12.413395,2.743876,17.489558,-14.036873,3.043714
1467879662.212519,1120.460716,559.777830,-39.221432,-12.572534,2.755816,17.523949,-14.167499,3.041328
1467879662.229179,1104.551157,547.595671,-38.998844,-12.782640,2.757602,17.613186,-14.485734,3.026515
1467879662.245936,1117.559142,556.206968,-39.192798,-13.123054,2.739174,17.468074,-14.534220,3.033333
1467879662.262537,1113.918553,571.571997,-39.117899,-13.213290,2.730136,17.406995,-14.804897,3.025375
1467879662.279216,1136.247242,547.866241,-39.117404,-13.556450,2.731163,17.232725,-15.065680,3.012626
1467879662.295847,1135.142713,557.642388,-39.125577,-13.774796,2.728054,17.271043,-15.234307,3.012873
1467879662.312526,1134.212272,561.389686,-39.356712,-13.974668,2.721053,17.210344,-15.389942,3.007193
1467879662.329263,1127.293886,560.247512,-39.427555,-14.166422,2.727742,16.981709,-15.468987,2.998197
1467879662.345824,1138.611854,556.791807,-39.469494,-14.229346,2.730044,16.943239,-15.585762,2.995580
1467879662.362494,1129.500832,557.306961,-39.690332,-14.365503,2.739556,16.882152,-15.697437,3.003428
1467879662.379160,1123.447480,549.730658,-39.937864,-14.426990,2.754257,16.969882,-15.856197,3.001989
1467879662.395816,1123.117701,550.337792,-39.739303,-14.507994,2.765942,16.838338,-15.900224,3.000624
1467879662.412463,1127.526572,547.768678,-39.948301,-14.620755,2.785614,16.796359,-15.961953,3.008899
1467879662.429127,1123.554956,543.894014,-39.979866,-14.730333,2.777173,16.703150,-15.993997,3.016593
1467879662.445789,1124.966340,540.196588,-40.003975,-14.760974,2.796053,16.667319,-16.013659,3.030057
1467879662.462458,1123.613606,543.364028,-39.972605,-14.689484,2.810822,16.651502,-16.018304,3.016999
1467879662.479108,1125.241374,542.122205,-40.094176,-14.692719,2.818385,16.553996,-15.940651,3.015539
1467879662.495738,1116.756001,543.521616,-40.127527,-14.681835,2.831605,16.558423,-15.915782,3.012718
1467879662.512428,1118.843759,541.732767,-40.129800,-14.695164,2.838341,16.512885,-15.837329,3.033839
1467879662.529092,1118.782162,541.739961,-39.989049,-14.616235,2.838076,16.562897,-15.812949,3.024932
1467879662.545807,1117.159322,544.005541,-40.049042,-14.566479,2.851195,16.567902,-15.794717,3.040373
1467879662.562424,1113.318296,543.338210,-39.912527,-14.465011,2.839939,16.549240,-15.739561,3.054291
1467879662.579067,1117.449262,541.780939,-39.773360,-14.327780,2.841996,16.474228,-15.667268,3.057687
1467879662.595740,1115.916836,543.716878,-39.818383,-14.321918,2.838236,16.461507,-15.564933,3.062278
1467879662.612371,1113.656815,543.670658,-39.712790,-14.203779,2.838932,16.539870,-15.546515,3.067702
1467879662.629157,1110.669259,542.008507,-39.497421,-14.168918,2.846554,16.534151,-15.500726,3.066895
1467879662.645854,1116.948663,539.167929,-39.867458,-14.242405,2.847970,16.487640,-15.428070,3.071287
1467879662.662380,1113.750820,534.920779,-39.858090,-14.211866,2.856294,16.504434,-15.377066,3.086764
1467879662.679075,1110.113349,537.762450,-39.815453,-14.091311,2.855035,16.528644,-15.348839,3.084194
1467879662.695722,1115.689802,538.166030,-39.842907,-14.129103,2.851166,16.560583,-15.352020,3.082334
1467879662.712389,1116.019702,541.484443,-39.821489,-14.127968,2.849971,16.576181,-15.366661,3.084416
1467879662.729046,1119.944585,535.356436,-39.837009,-14.228322,2.853270,16.576427,-15.409904,3.088314
1467879662.745724,1118.508890,543.439843,-39.811165,-14.158090,2.863822,16.608958,-15.477451,3.105133
1467879662.762391,1121.010346,545.512512,-39.803857,-14.177328,2.855714,16.613245,-15.508345,3.089102
1467879662.778998,1124.581421,535.924281,-39.653418,-14.250166,2.853389,16.583893,-15.553060,3.096499
1467879662.795793,1120.403767,538.100723,-39.587192,-14.232070,2.855395,16.567319,-15.608907,3.101994
1467879662.812350,1118.042145,545.641076,-39.533036,-14.199475,2.856580,16.571790,-15.639141,3.091704
1467879662.829022,1114.347679,547.807868,-39.649552,-14.210767,2.840944,16.578878,-15.646777,3.082223
1467879662.845733,1117.717365,543.906408,-39.688649,-14.250617,2.828371,16.569015,-15.654161,3.085461
1467879662.862427,1117.638355,551.364242,-39.827675,-14.313166,2.830845,16.543244,-15.655873,3.083127
1467879662.878966,1111.121045,549.558810,-39.701600,-14.310531,2.824617,16.504901,-15.623881,3.090191
1467879662.895628,1117.115391,557.121567,-39.843787,-14.334250,2.832657,16.517708,-15.644344,3.102461
1467879662.912247,1109.535967,550.678518,-39.652034,-14.332218,2.813247,16.528926,-15.664619,3.089998
1467879662.928932,1113.238151,540.570855,-39.441034,-14.264048,2.808212,16.538600,-15.775799,3.087137
1467879662.945615,1107.125968,547.646806,-39.426313,-14.209775,2.805869,16.773722,-15.829034,3.095789
1467879662.962252,1106.315162,544.821479,-39.306565,-14.147949,2.793543,16.481311,-15.725088,3.093484
1467879662.978960,1108.343827,550.034439,-39.268375,-14.080046,2.799362,16.386898,-15.684460,3.092551
1467879662.995598,1108.347849,556.604481,-39.401559,-14.082540,2.806104,16.392390,-15.626025,3.102516
1467879663.012249,1104.851621,557.512113,-39.395960,-14.079147,2.804994,16.353598,-15.641080,3.099170
1467879663.028960,1107.044950,562.153715,-39.343604,-14.073593,2.802824,16.278162,-15.604909,3.098214
1467879663.045574,1103.036166,559.008295,-39.501171,-14.156078,2.800229,16.268306,-15.627373,3.092579
1467879663.062246,1100.415965,567.167625,-39.595189,-14.144918,2.802654,16.236442,-15.677716,3.109676
1467879663.078895,1101.029095,563.513381,-39.958788,-14.263049,2.795216,16.129253,-15.655942,3.095980
1467879663.095582,1101.028528,555.424832,-40.017685,-14.313033,2.790219,16.113226,-15.681498,3.092528
1467879663.112206,1100.772063,551.204061,-40.277313,-14.402810,2.797420,15.995772,-15.725414,3.086279
1467879663.128836,1109.570088,565.152221,-40.291978,-14.284645,2.815124,15.873521,-15.607513,3.093389
1467879663.145794,1102.984635,564.957160,-40.487453,-14.303543,2.821916,15.691852,-15.607638,3.100170
1467879663.162192,1107.908808,562.251281,-40.843042,-14.289519,2.821077,15.558517,-15.507509,3.095079
1467879663.178855,1042.831268,575.480803,-41.180018,-14.196971,2.822317,15.065226,-15.444676,3.122441
1467879663.312265,812.203755,735.501917,0.000000,0.000000,0.000000,11.784253,-15.360325,3.126188
1467879663.328975,801.755836,770.394499,-45.193783,-14.615818,2.831888,11.353860,-15.319999,3.128226
1467879663.345617,785.046384,719.892685,-48.208588,-15.545447,2.859998,10.881148,-15.218377,3.123386
1467879663.362177,787.204494,726.668835,-47.877597,-15.338406,2.885766,10.512206,-15.138556,3.100976
1467879663.378933,782.246677,734.793194,-48.046153,-15.259662,2.907582,10.099805,-15.197576,3.101613
1467879663.395536,790.225001,741.631042,-48.400860,-15.211471,2.925217,9.660163,-15.108764,3.093342
1467879663.412260,787.505738,735.893129,-48.567729,-15.108922,2.913727,9.217144,-15.034316,3.086324
1467879663.429039,782.294477,767.410809,-48.063849,-14.729452,2.896472,8.720157,-14.825433,3.085893
1467879663.445543,808.020263,759.098712,-48.080148,-14.562462,2.903902,8.343523,-14.606978,3.077471
1467879663.462259,969.169653,604.894749,-47.400510,-14.192676,2.903451,8.565677,-14.609164,3.078809
1467879663.478898,1065.569617,557.398549,-47.715902,-14.036517,2.910652,8.536481,-14.376227,3.080223
1467879663.495535,1037.202594,535.310346,-47.666090,-13.886591,2.903275,0.000000,0.000000,0.000000
1467879663.512297,1035.858455,524.941324,-48.145758,-13.904866,2.904396,0.000000,0.000000,0.000000
1467879663.528806,1038.925014,527.593295,-48.491925,-13.819285,2.893697,0.000000,0.000000,0.000000
1467879663.545565,1038.951728,526.727647,-49.012758,-13.753186,2.887996,0.000000,0.000000,0.000000
1467879663.562351,1041.485561,522.050979,-50.039996,-13.846839,2.893728,0.000000,0.000000,0.000000
1467879663.578698,1048.024809,521.962372,-50.255162,-13.706574,2.885581,0.000000,0.000000,0.000000
1467879663.595494,1048.031462,524.479378,-50.622614,-13.581990,2.887637,0.000000,0.000000,0.000000
1467879663.612116,1045.436768,518.754466,-51.199268,-13.547968,2.876741,0.000000,0.000000,0.000000
1467879663.629071,1055.603575,521.783107,-51.486881,-13.406316,2.881730,0.000000,0.000000,0.000000
1467879663.645677,1080.294569,521.931770,-51.820300,-13.301196,2.882956,0.000000,0.000000,0.000000
1467879663.662403,1092.208598,526.225338,-52.049476,-13.052305,2.877004,0.000000,0.000000,0.000000
1467879663.678949,1096.005474,532.066508,-52.419251,-12.826949,2.884972,0.000000,0.000000,0.000000
1467879663.695700,1096.660277,527.937849,-52.754541,-12.589374,2.888806,0.000000,0.000000,0.000000
1467879663.712308,1102.578239,535.396259,-53.105607,-12.312172,2.878578,0.000000,0.000000,0.000000
1467879663.729158,1101.379756,532.818221,-53.269078,-12.078398,2.873804,0.000000,0.000000,0.000000
1467879663.745629,1100.327698,538.363627,-53.586791,-11.821464,2.867384,0.000000,0.000000,0.000000
1467879663.762224,1103.044167,538.371086,-53.886260,-11.589619,2.862391,0.000000,0.000000,0.000000
1467879663.778830,1102.160565,541.616803,-53.995493,-11.335233,2.857874,0.000000,0.000000,0.000000
1467879663.795458,1101.983756,542.377813,-54.126715,-11.112553,2.843823,0.000000,0.000000,0.000000
1467879663.812055,1102.010669,543.152431,-54.278271,-10.837499,2.833735,0.000000,0.000000,0.000000
1467879663.828847,1092.980132,553.368304,-54.667837,-10.563127,2.821719,0.000000,0.000000,0.000000
1467879663.845522,1086.026367,542.222508,-55.081293,-10.465578,2.812653,0.000000,0.000000,0.000000
1467879663.862377,1094.155240,537.447969,-55.303002,-10.256511,2.796886,0.000000,0.000000,0.000000
1467879663.878702,1086.961036,539.225826,-55.594045,-10.104085,2.783101,0.000000,0.000000,0.000000
1467879663.895647,1084.488964,543.744331,-55.701190,-9.875256,2.777445,0.000000,0.000000,0.000000
1467879663.912144,1084.069452,537.889752,-55.899423,-9.729246,2.777785,0.000000,0.000000,0.000000
1467879663.928828,1089.534252,536.642342,-55.880032,-9.623551,2.779690,0.000000,0.000000,0.000000
1467879663.945595,1089.435067,534.474499,-55.895204,-9.505528,2.773225,0.000000,0.000000,0.000000
1467879663.962149,1097.503224,539.638722,-55.900538,-9.389412,2.769543,0.000000,0.000000,0.000000
1467879663.978848,1110.064551,527.838981,-56.113544,-9.458790,2.761594,0.000000,0.000000,0.000000
1467879663.995609,1119.265505,524.385207,-56.312787,-9.446559,2.760691,0.000000,0.000000,0.000000
1467879664.012141,1122.840007,524.538314,-56.370787,-9.357637,2.764833,0.000000,0.000000,0.000000
1467879664.029009,1149.671961,560.153092,-56.401878,-9.280447,2.773736,0.377918,-8.395478,3.061835
1467879664.045490,1147.155237,529.285680,-56.973229,-9.232611,2.770538,0.000000,0.000000,0.000000
1467879664.062159,1152.640795,556.409244,-57.088115,-9.176394,2.774426,0.421744,-8.232814,3.023290
1467879664.195403,817.199576,1083.252329,0.000000,0.000000,0.000000,-1.035940,-9.350361,3.007405
1467879664.212109,1253.051068,752.700343,-60.282551,-10.358453,2.762572,-1.007236,-9.583836,2.994252
1467879664.245506,786.509020,791.661423,-60.583059,-11.137164,2.773880,-0.729419,-9.552623,2.920120
1467879664.261847,801.840463,826.097584,-59.603895,-11.078353,2.782529,-0.686960,-9.500641,2.889976
1467879664.278548,789.446558,835.661127,-58.571680,-10.955878,2.763239,-0.580824,-9.536756,2.855642
1467879664.295201,770.754954,877.296172,-56.705506,-10.606417,2.759099,-0.407314,-9.442279,2.827587
1467879664.311865,777.125824,844.266909,-58.614094,-11.084141,2.766452,-0.442500,-9.594885,2.826569
1467879664.328530,784.032751,844.961680,-58.223916,-11.065278,2.767551,-0.323431,-9.622379,2.799054
1467879664.345217,752.198167,816.961202,-57.496787,-10.995341,2.767104,0.000000,0.000000,0.000000
1467879664.361737,769.058931,865.732357,-57.993561,-11.063518,2.752816,-0.156289,-9.800973,2.767307
1467879664.378395,807.045914,733.204952,-57.853334,-10.984856,2.765952,0.003491,-10.385627,2.790826
1467879664.395050,837.015965,716.234334,-56.270805,-10.539006,2.747076,0.210662,-10.259895,2.809265
1467879664.411733,836.753461,708.341494,-55.808342,-10.467113,2.743738,0.354749,-10.062479,2.793271
1467879664.428566,824.606892,716.922200,-55.547042,-10.431580,2.736381,0.455865,-10.073182,2.772178
1467879664.445067,822.498253,718.461270,-55.186671,-10.378512,2.730171,0.544476,-10.149595,2.799805
1467879664.461777,840.491684,709.619081,-56.599193,-10.698624,2.740953,0.664667,-10.032973,2.792434
1467879664.478503,835.959711,711.656720,-56.326879,-10.676033,2.745035,0.783408,-10.129240,2.788799
1467879664.495088,829.631825,706.797836,-56.361886,-10.756717,2.759010,0.923024,-10.179411,2.772736
1467879664.511728,833.236777,696.531412,-56.113425,-10.807482,2.743366,1.044798,-10.332786,2.760384
1467879664.528358,833.149064,705.825673,-56.048520,-10.937788,2.725233,1.227092,-10.339967,2.760729
1467879664.545086,826.894450,723.446859,-54.467894,-10.737786,2.727983,1.350897,-10.443029,2.748827
1467879664.561733,876.479301,719.913354,-54.081069,-10.766688,2.714305,1.472816,-10.950563,2.775174
1467879664.578328,870.669941,685.814953,-55.684778,-11.216108,2.725387,1.572309,-11.384962,2.799587
1467879664.595082,879.213786,696.364095,-54.919677,-11.150843,2.708859,1.677544,-11.330644,2.801721
1467879664.611652,874.733635,694.948513,-54.936418,-11.208809,2.702908,1.776990,-11.405382,2.778744
1467879664.628350,875.324083,695.231911,-55.045840,-11.297434,2.699556,1.844755,-11.494909,2.765230
1467879664.645061,877.116160,684.708317,-55.114257,-11.386253,2.697277,1.937902,-11.584001,2.766767
1467879664.661627,876.349209,678.151216,-55.175937,-11.448998,2.680624,2.001733,-11.679889,2.779240
1467879664.678286,883.261789,677.239790,-55.179753,-11.526846,2.685156,2.109650,-11.689080,2.775564
1467879664.695049,875.930410,679.767626,-55.274989,-11.575966,2.682706,2.168863,-11.541100,2.755288
1467879664.711607,881.854024,686.009399,-55.056392,-11.589539,2.686862,2.227907,-11.625408,2.766182
1467879664.728296,879.520201,686.688994,-55.059265,-11.596908,2.687102,2.286763,-11.579942,2.773976
1467879664.745103,873.941148,683.062860,-54.932391,-11.566463,2.695997,2.310514,-11.584518,2.743542
1467879664.761582,880.152148,682.259777,-55.139356,-11.571259,2.681710,2.330422,-11.574269,2.741089
1467879664.778366,876.448988,682.324845,-55.014766,-11.530775,2.679858,2.361147,-11.529015,2.724415
1467879664.794973,874.017507,685.723611,-54.815882,-11.487918,2.663531,2.362860,-11.457327,2.717824
1467879664.811653,872.499269,681.426591,-54.936237,-11.511032,2.665352,2.346754,-11.508347,2.704092
1467879664.828301,866.961030,693.163013,-53.429428,-11.259546,2.649239,2.332757,-11.597831,2.712509
1467879664.844949,884.440566,723.307839,-53.893399,-11.343799,2.640740,2.233384,-11.390786,2.724037
1467879664.861578,888.098202,715.402808,-54.232515,-11.475575,2.634337,2.194718,-11.445323,2.709674
1467879664.878216,893.340876,709.032475,-53.576620,-11.398662,2.625288,2.184625,-11.497713,2.705964
1467879664.894929,894.081011,731.943940,-53.476301,-11.373947,2.625047,2.142459,-11.463120,2.698699
1467879664.911556,886.188780,699.379648,-53.572447,-11.463616,2.624397,2.202277,-12.005392,2.716198
1467879664.928185,901.977700,711.636808,-55.051588,-11.850041,2.631611,2.193064,-11.672787,2.720659
1467879664.944878,904.355861,718.516768,-54.461329,-11.758395,2.640603,2.106398,-11.630516,2.703308
1467879664.961519,905.712004,722.092957,-54.717621,-11.838209,2.648967,2.107366,-11.542409,2.700861
1467879664.978176,902.038207,727.340197,-54.365353,-11.806905,2.664264,2.095096,-11.534500,2.695164
1467879664.994855,899.762443,734.043919,-53.273917,-11.561537,2.651512,2.113568,-11.685642,2.689119
1467879665.011496,905.167318,726.004573,-53.993910,-11.777701,2.650807,2.160619,-11.611721,2.700682
1467879665.028163,909.321964,698.598686,-54.189250,-11.786474,2.644897,2.347608,-11.797690,2.718333
1467879665.044823,926.482818,660.632084,-54.345334,-11.774604,2.644979,2.440055,-11.820215,2.711915
1467879665.061473,933.918066,636.896304,-54.380378,-11.797669,2.641508,2.498421,-12.190832,2.715915
1467879665.078188,939.267525,623.231032,-54.318176,-11.785470,2.654014,2.528358,-12.239503,2.725719
1467879665.094821,953.084570,656.512876,-54.231844,-11.767022,2.656044,2.556102,-12.130288,2.733585
1467879665.111461,956.063766,649.058420,-53.159858,-11.513298,2.650897,2.610432,-12.245737,2.735358
1467879665.128219,950.993265,664.863712,-53.380433,-11.561408,2.643627,2.614058,-12.229023,2.734200
1467879665.144796,943.581652,667.942955,-53.478707,-11.576806,2.638621,2.677938,-12.109534,2.750855
1467879665.161421,945.986043,666.169997,-53.015090,-11.481396,2.629812,2.703711,-12.246392,2.770885
1467879665.178112,944.537717,669.593824,-52.273614,-11.378629,2.624896,2.762948,-12.165214,2.785671
1467879665.194738,939.635717,665.542458,-52.141130,-11.293079,2.611529,2.760804,-12.205329,2.786058
1467879665.211485,948.156898,670.337557,-52.148176,-11.286349,2.601182,2.800520,-12.201221,2.804477
1467879665.228153,942.357101,667.826155,-52.370194,-11.335296,2.594538,2.804093,-12.139834,2.803951
1467879665.244792,951.019901,658.780881,-52.341247,-11.299881,2.571340,2.827212,-12.339462,2.831523
1467879665.261412,951.139585,676.811405,-52.316618,-11.302707,2.574606,2.751234,-11.985500,2.822925
1467879665.278060,945.634994,684.266274,-52.383777,-11.358648,2.577546,2.857716,-11.997776,2.831629
1467879665.294780,943.963698,678.651112,-52.287587,-11.372897,2.571850,2.986800,-12.044936,2.841705
1467879665.311390,945.542964,677.470431,-51.966591,-11.346111,2.584712,3.062680,-12.188529,2.835705
1467879665.327997,952.425820,672.314779,-51.961855,-11.401932,2.579154,3.079075,-12.269330,2.818588
1467879665.344756,946.688187,669.034038,-51.973955,-11.430864,2.582038,3.062090,-12.267889,2.797163
1467879665.361347,946.727775,670.817441,-52.023872,-11.457919,2.577958,3.069965,-12.234585,2.788950
1467879665.378100,950.666762,672.381879,-52.026662,-11.470876,2.586811,3.064087,-12.318737,2.806558
1467879665.394722,952.125498,677.641638,-51.990781,-11.466792,2.579027,3.110137,-12.253962,2.815233
1467879665.411342,949.233048,674.139525,-52.000376,-11.448504,2.584655,3.126821,-12.218936,2.805554
1467879665.428078,897.716877,677.727027,-52.358559,-11.498895,2.587045,2.792720,-12.366510,2.799464
1467879665.444652,757.382445,678.072588,-53.938167,-11.767878,2.594448,2.293282,-12.248131,2.798067
1467879665.461354,737.240950,675.200218,-54.102889,-11.786211,2.598028,2.126411,-12.269683,2.805923
1467879665.477951,743.441162,676.959140,-54.623853,-11.885624,2.606043,2.158345,-12.252641,2.831161
1467879665.494645,739.978043,684.509049,-54.775140,-11.887014,2.609098,2.114738,-12.236317,2.856862
1467879665.511376,737.992963,680.088972,-54.882049,-11.896533,2.616743,2.122700,-12.266108,2.852513
1467879665.527991,738.897048,680.594317,-54.954093,-11.911453,2.620063,2.128837,-12.277901,2.865680
1467879665.544613,740.422454,678.793713,-55.413467,-12.015591,2.635844,2.135926,-12.327756,2.877207
1467879665.561338,737.010615,667.988407,-55.380913,-12.028436,2.635107,2.176604,-12.333193,2.871263
1467879665.577944,740.143397,659.923090,-55.440841,-12.065500,2.649648,2.181610,-12.378658,2.856003
1467879665.594686,741.447118,654.968605,-55.571398,-12.112221,2.660636,2.156103,-12.528697,2.862407
1467879665.611358,739.656576,662.490863,-55.644587,-12.154608,2.658750,2.165318,-12.531010,2.868474
1467879665.628009,743.338794,665.039878,-55.844599,-12.213796,2.675444,2.174474,-12.509809,2.870276
1467879665.644674,744.261180,665.381700,-56.000287,-12.252698,2.671228,2.171520,-12.534055,2.882720
1467879665.661306,747.045057,659.205281,-55.946578,-12.257626,2.674661,2.170351,-12.559459,2.891868
1467879665.678003,742.398188,662.668310,-55.830553,-12.272642,2.685402,2.157716,-12.618501,2.891665
1467879665.694611,744.473255,701.906174,-53.417219,-11.805228,2.671594,2.321000,-12.499546,2.885259
1467879665.711310,750.874906,702.562500,-53.884795,-11.919401,2.670346,2.315427,-12.639817,2.902804
1467879665.727926,754.278080,719.536222,-53.844355,-11.915174,2.663282,2.362814,-12.428318,2.899280
1467879665.744630,752.875019,717.919329,-53.701180,-11.879205,2.646923,2.366393,-12.444644,2.901056
1467879665.761272,743.530045,734.509392,-53.756096,-11.887766,2.639320,2.383161,-11.987820,2.868045
1467879665.777979,750.468503,737.636759,-53.404495,-11.811348,2.633109,2.408021,-12.260759,2.869614
1467879665.794590,760.690285,728.915305,-53.386859,-11.820051,2.631980,2.371751,-12.347976,2.867942
1467879665.811280,758.395466,721.227442,-53.171537,-11.796049,2.626936,2.416327,-12.482974,2.899417
1467879665.827916,753.254784,721.152302,-53.134287,-11.793414,2.630395,2.420422,-12.416573,2.907168
1467879665.844588,757.341441,718.849791,-53.108263,-11.740614,2.626761,2.449900,-12.418066,2.901670
1467879665.861233,765.840776,716.142803,-53.100871,-11.727366,2.620734,2.394895,-12.416004,2.912510
1467879665.877909,743.903196,734.874710,-53.024609,-11.725174,2.615446,2.586210,-12.021457,2.879401
1467879665.894619,761.037641,723.488869,-53.015415,-11.757196,2.613078,2.601707,-12.339779,2.857874
1467879665.911448,758.362402,721.185850,-53.048215,-11.760344,2.617025,2.598798,-12.330666,2.836882
1467879665.928074,762.263936,722.290945,-52.914982,-11.755021,2.609316,2.610301,-12.331961,2.839291
1467879665.944784,762.713516,722.204374,-53.040448,-11.781316,2.616992,2.612787,-12.325436,2.813525
1467879665.961371,762.632073,723.622735,-52.906264,-11.766873,2.620196,2.642614,-12.340893,2.806051
1467879665.978100,759.909235,726.417640,-53.044175,-11.784361,2.616606,2.641440,-12.344719,2.792937
1467879665.994763,769.454273,721.998834,-53.511493,-11.947417,2.615934,2.644180,-12.331455,2.811457
1467879666.011365,778.479090,658.440521,-53.789032,-11.865951,2.625664,2.700182,-12.222693,2.813348
1467879666.028139,791.102016,608.358985,-52.806691,-11.378952,2.638192,2.647020,-12.013505,2.833718
1467879666.044651,808.010792,587.088819,-53.070310,-11.326864,2.641189,2.585647,-11.724174,2.848081
1467879666.061179,808.554102,576.603081,-53.103087,-11.322604,2.641173,2.586046,-11.792239,2.848020
1467879666.077998,810.891506,568.702075,-53.318746,-11.416038,2.641359,2.576859,-11.801155,2.852619
1467879666.094581,813.520719,569.689692,-53.414193,-11.434544,2.646908,2.621890,-11.810021,2.860608
1467879666.111265,814.035279,564.461295,-53.466420,-11.454367,2.650114,2.651497,-11.865685,2.869690
1467879666.127845,810.229616,535.398526,-53.542541,-11.460709,2.653147,2.739767,-12.135395,2.876616
1467879666.144536,815.616218,554.941996,-53.741583,-11.449348,2.651766,2.658107,-11.839239,2.858468
1467879666.161191,814.425250,563.984414,-53.547815,-11.437963,2.658408,2.624723,-11.783504,2.865535
1467879666.177896,812.639870,564.642599,-53.583712,-11.374280,2.667330,2.611029,-11.739753,2.873627
1467879666.194417,812.670246,565.534913,-53.674922,-11.395357,2.662224,2.697306,-11.804231,2.895129
1467879666.211115,814.389621,564.689618,-53.739277,-11.386368,2.661297,2.650067,-11.732830,2.911850
1467879666.227788,811.245772,565.151919,-53.757459,-11.393664,2.662861,2.663316,-11.642106,2.889540
1467879666.244432,798.072210,605.086770,-53.767740,-11.412010,2.654354,2.658233,-11.430565,2.872356
1467879666.261088,823.425418,555.106123,-53.504385,-11.480616,2.656898,2.866891,-12.156830,2.871023
1467879666.277783,856.864973,588.675995,-53.426501,-11.657500,2.674589,2.903116,-12.130287,2.881401
1467879666.294435,882.246123,581.364002,-53.585255,-11.726644,2.682279,2.915268,-12.151184,2.859083
1467879666.311100,864.342704,581.524572,-53.378333,-11.735743,2.671773,2.990712,-12.291670,2.867258
1467879666.327763,866.348512,577.070541,-53.594673,-11.780847,2.687273,2.951495,-12.320422,2.849347
1467879666.344408,860.090725,575.612662,-53.753583,-11.833985,2.678842,3.153398,-12.428007,2.854783
1467879666.361057,855.437618,583.899037,-53.487037,-11.803721,2.682757,3.178591,-12.432576,2.864366
1467879666.377745,858.195686,581.859732,-53.847101,-11.864067,2.690220,3.236577,-12.385209,2.867505
1467879666.394382,864.114524,594.345082,-53.430538,-11.804652,2.693640,3.238206,-12.304363,2.872852
1467879666.410994,859.149263,608.602250,-53.415334,-11.856402,2.700066,3.289723,-12.132984,2.877024
1467879666.427892,866.993178,589.189544,-52.874652,-11.740753,2.703951,3.224298,-12.352602,2.883426
1467879666.444551,834.766822,637.310135,-52.762151,-11.643403,2.705416,0.000000,0.000000,0.000000
1467879666.461218,871.670999,615.269480,-53.018479,-11.693283,2.707907,3.396609,-12.171950,2.890603
1467879666.478041,873.078399,610.545824,-53.315935,-11.751867,2.710866,3.411967,-12.155692,2.897080
1467879666.494532,869.946524,615.483805,-53.895142,-11.722563,2.722713,3.559351,-12.031620,2.904200
1467879666.511071,871.928548,577.564052,-55.293994,-11.857183,2.734630,3.743441,-12.161190,2.924757
1467879666.644325,848.044478,540.111563,-54.919428,-11.904339,2.754273,4.368205,-11.853474,2.944343
1467879666.660877,853.558742,543.882125,-55.461936,-12.034476,2.771016,4.351328,-11.897214,2.972942
1467879666.677543,852.999639,554.678025,-54.765295,-11.942154,2.775048,4.328393,-11.896898,2.980017
1467879666.694256,861.055521,561.033375,-54.099454,-11.897424,2.783806,4.337152,-11.943931,2.981773
1467879666.710908,821.595277,521.919438,-52.718077,-11.714156,2.770391,0.000000,0.000000,0.000000
1467879666.727534,854.726024,573.799213,-53.214562,-11.892357,2.772776,4.409835,-12.004671,2.991399
1467879666.744194,841.632752,596.117847,-52.547723,-11.766888,2.762065,4.479363,-12.023317,2.982901
1467879666.760866,840.736639,589.718782,-52.351157,-11.746188,2.762326,4.469853,-12.026230,2.980278
1467879666.777462,857.250897,506.452330,-54.133658,-12.076529,2.763882,4.331439,-12.395060,2.982853
1467879666.794121,844.671547,565.043944,-53.892011,-12.006309,2.770772,4.517560,-12.206059,2.990886
1467879666.810856,833.835928,570.129856,-53.863686,-11.984112,2.779938,4.512065,-12.093446,2.977091
1467879666.827468,833.945619,566.946403,-53.175257,-11.884465,2.791512,4.509056,-12.059114,2.992181
1467879666.844169,840.763617,573.120656,-53.177563,-11.867934,2.794039,4.433484,-11.977269,2.989860
1467879666.860825,835.196168,578.211861,-53.622099,-11.907592,2.795900,4.377402,-11.875644,3.006485
1467879666.877435,845.239393,577.527431,-54.195351,-11.928858,2.795189,4.288842,-11.869289,3.003070
1467879666.894168,792.262095,582.291507,-53.746714,-12.034016,2.797409,3.990364,-12.036008,3.000559
1467879666.910836,762.782402,604.700400,-54.352373,-12.080814,2.798266,3.714861,-12.182515,2.994465
1467879666.927443,763.959442,613.327522,-54.177273,-11.977028,2.800225,3.685883,-12.234164,2.977937
1467879666.944119,768.583084,608.730228,-54.047105,-12.023539,2.806066,3.678435,-12.222668,2.982290
1467879666.960733,765.572946,604.852044,-53.920812,-12.001615,2.805145,3.664522,-12.234822,2.986784
1467879666.977446,767.520701,614.565659,-53.950244,-12.036285,2.805560,3.644791,-12.261805,2.974541
1467879666.994099,767.197112,614.199873,-54.152341,-12.084250,2.801961,3.707371,-12.304386,2.971885
1467879667.010803,768.293681,603.901453,-54.069788,-12.253377,2.800775,3.736859,-12.342746,2.972401
1467879667.027361,765.435718,610.594793,-53.754840,-12.158573,2.803005,3.808191,-12.419187,2.991172
1467879667.044078,758.773027,608.196672,-53.634069,-12.228396,2.812447,3.890909,-12.434281,2.996074
1467879667.060819,759.455173,601.584063,-53.648290,-12.245930,2.824272,3.978423,-12.424248,2.976498
1467879667.077362,764.767908,604.577933,-53.499935,-12.252028,2.810667,4.087471,-12.418235,2.961248
1467879667.094099,770.838005,598.960180,-53.400015,-12.256513,2.800511,4.213963,-12.604107,2.969918
1467879667.110701,765.623718,599.484454,-53.246277,-12.230077,2.788815,4.350321,-12.540180,2.975559
1467879667.127340,774.723577,594.089334,-52.977365,-12.143542,2.794892,4.597003,-12.508481,2.957419
1467879667.144090,833.325898,540.483655,-52.605531,-11.972918,2.790394,4.857166,-12.129902,2.941731
1467879667.160671,830.635741,469.700659,-52.304566,-11.900709,2.795126,5.125576,-12.280240,2.929414
1467879667.177339,836.251873,477.903996,-52.116644,-11.920108,2.798593,5.278904,-12.283078,2.921230
1467879667.194138,838.763287,514.498084,-51.834198,-11.885448,2.781137,5.341488,-12.143053,2.904464
1467879667.210622,833.431613,481.240147,-51.732404,-11.875463,2.776452,5.587925,-12.374671,2.916951
1467879667.227355,833.150326,481.080035,-51.641937,-11.894284,2.776795,5.704696,-12.394395,2.920092
1467879667.244049,834.879456,484.653459,-51.563403,-11.913365,2.758825,5.779424,-12.414621,2.921115
1467879667.260615,833.779765,485.802411,-51.428766,-11.944849,2.771757,5.857962,-12.453246,2.921328
1467879667.277342,836.376149,510.968345,-51.383096,-11.948740,2.769817,5.761626,-12.272734,2.898077
1467879667.293986,837.470214,512.891456,-51.392518,-11.955879,2.766311,5.817181,-12.350413,2.884406
1467879667.310606,840.378684,518.748618,-51.403381,-11.889706,2.758065,5.740745,-12.210062,2.872249
1467879667.327356,837.867961,529.431747,-51.279867,-11.934717,2.750744,5.699990,-12.162638,2.866141
1467879667.343992,844.635695,539.530572,-51.143885,-11.893975,2.748248,5.565559,-11.984385,2.853107
1467879667.360601,845.772431,540.353106,-51.212565,-11.908401,2.753679,5.553031,-11.976367,2.858841
1467879667.377246,856.328956,545.463432,-51.151073,-11.908019,2.729928,5.544358,-11.960002,2.849182
1467879667.393971,844.351140,546.199531,-51.154122,-11.892560,2.718223,5.538547,-11.996573,2.844572
1467879667.410626,861.832369,535.517714,-51.208494,-11.832315,2.709842,5.612948,-12.283290,2.844167
1467879667.427310,987.526565,537.050462,-49.871291,-11.786824,2.698384,6.291003,-12.737049,2.880981
1467879667.443959,1138.941978,561.391283,-49.637684,-11.935675,2.683787,6.662789,-12.352863,2.874548
1467879667.460574,1145.365796,555.797104,-49.637630,-11.929879,2.685798,7.047604,-12.662250,2.893613
1467879667.477212,1142.208449,543.622957,-49.544871,-11.888493,2.697002,7.267064,-12.891866,2.908413
1467879667.493994,1143.133166,550.779806,-49.261499,-11.780292,2.684171,7.161549,-12.715397,2.929000
1467879667.510530,1145.256369,545.349574,-49.200288,-11.753424,2.684053,7.186517,-12.705209,2.928004
1467879667.527254,1150.362821,534.846053,-49.490633,-11.875021,2.693360,7.178520,-12.662821,2.930611
1467879667.543860,1147.728963,536.403561,-49.585127,-11.926576,2.689326,7.256109,-12.657824,2.929938
1467879667.560524,1150.046015,538.045692,-49.556514,-11.950673,2.683948,7.371221,-12.742266,2.933297
1467879667.577177,1140.935162,549.024539,-48.629064,-11.725323,2.677478,7.390125,-12.675054,2.922628
1467879667.593912,1143.786228,546.410368,-48.522136,-11.705480,2.683920,7.477578,-12.641995,2.926340
1467879667.610490,1142.272471,553.065016,-48.443597,-11.678458,2.692518,7.604378,-12.696159,2.930105
1467879667.627193,1138.532706,554.014400,-48.110385,-11.660487,2.691312,7.742661,-12.707214,2.940336
1467879667.643897,1142.542693,553.078229,-48.268741,-11.667728,2.696329,7.794021,-12.649579,2.950189
1467879667.660507,1151.350720,544.489369,-48.921629,-11.891497,2.693172,7.931356,-12.671356,2.969208
1467879667.677203,1155.070811,540.485248,-49.328572,-11.981587,2.719707,8.023656,-12.703358,2.985212
1467879667.693890,1154.421259,538.834382,-49.269040,-11.970754,2.728005,8.064676,-12.681289,2.995484
1467879667.710541,1160.207709,536.608751,-49.392320,-12.002849,2.744927,8.204285,-12.727207,2.992660
1467879667.727173,1162.397686,528.977496,-49.292651,-12.007282,2.749717,8.265491,-12.825732,2.990759
1467879667.743851,1168.934167,524.773956,-49.128540,-12.013720,2.747469,8.382726,-12.860978,3.005507
1467879667.760449,1166.181840,524.017237,-49.198242,-12.042479,2.752285,8.462379,-12.856694,3.003960
1467879667.777140,1171.002142,520.481911,-49.130068,-12.043669,2.759509,8.533556,-12.878354,2.994855
1467879667.793810,1170.330898,518.764846,-49.092362,-12.047026,2.762411,8.594959,-12.908183,2.982234
1467879667.810476,1169.138090,517.854229,-48.995302,-12.056004,2.776583,8.678013,-12.939483,2.973476
1467879667.827087,1173.491113,511.751793,-49.003176,-12.054561,2.769824,8.735245,-12.939904,2.984155
1467879667.843868,1164.860684,526.767386,-47.356978,-11.678528,2.759162,8.846199,-12.985900,2.992381
1467879667.860472,1168.571886,538.358113,-47.337637,-11.690133,2.745763,8.838034,-12.867655,2.993522
1467879667.877073,1158.489710,550.723974,-47.142978,-11.686693,2.735572,8.921685,-12.890369,2.997040
1467879667.893714,1155.796991,537.280090,-47.094433,-11.729875,2.730250,8.888372,-12.972795,3.007587
1467879667.910407,1164.213994,544.335802,-47.194306,-11.769280,2.721445,8.883436,-12.987973,3.014434
1467879667.927214,1164.402432,546.665604,-47.171513,-11.801283,2.720139,8.979007,-13.112851,3.015782
1467879667.943799,1159.176946,548.320933,-47.125034,-11.807197,2.715307,8.965444,-13.067989,3.015136
1467879667.960349,1164.783788,557.132225,-46.909060,-11.805850,2.713705,8.983053,-13.092375,3.025045
1467879667.977105,1159.987296,554.858696,-47.002076,-11.831499,2.710728,9.084453,-13.163539,3.021254
1467879667.993703,1155.806309,556.509808,-46.832673,-11.833649,2.721584,9.120728,-13.257416,3.025714
1467879668.010402,1166.133858,556.260579,-47.268902,-11.943764,2.717415,9.158111,-13.254293,3.029300
1467879668.027057,1164.775653,548.093696,-47.640665,-12.062138,2.704038,9.183725,-13.303908,3.018317
1467879668.043761,1164.319715,536.504144,-47.177851,-11.940820,2.705538,9.381052,-13.647841,3.024559
1467879668.060408,1168.417746,531.432451,-47.307147,-11.992729,2.698616,9.346018,-13.502806,3.019384
1467879668.077127,1173.362970,551.884104,-47.653654,-12.152908,2.703454,9.324168,-13.400514,3.032818
1467879668.093860,1175.336440,547.309873,-47.860886,-12.241333,2.705901,9.471588,-13.401180,3.036686
1467879668.110679,1175.517482,544.579690,-47.925284,-12.293665,2.699007,9.528625,-13.465888,3.045207
1467879668.127230,1168.869265,553.360952,-46.853048,-11.986232,2.697653,9.826777,-13.717339,3.036860
1467879668.143936,1168.235173,552.011305,-46.482948,-11.961404,2.691836,9.970387,-13.802151,3.041902
1467879668.160553,1163.652817,554.771485,-46.136386,-11.964986,2.676722,9.819973,-13.639395,3.037520
1467879668.177300,1158.972454,558.928801,-46.651375,-12.094664,2.679003,9.652423,-13.625291,3.020911
1467879668.193908,1065.467838,563.092626,-46.916221,-12.181900,2.680842,9.375921,-13.884821,3.018801
1467879668.210567,1046.946582,565.800596,-46.661458,-12.179041,2.671625,9.316932,-13.810597,3.036387
1467879668.227172,1037.520776,573.655321,-46.490999,-12.215676,2.666929,9.314203,-13.842857,3.030664
1467879668.243858,1036.983432,576.129722,-46.491032,-12.260889,2.642111,9.403130,-14.002599,3.025067
1467879668.260573,1044.943094,575.451824,-46.404070,-12.336655,2.639403,9.416765,-14.033410,3.014904
1467879668.277298,1039.187996,577.637637,-46.402719,-12.389172,2.641875,9.409130,-13.979734,3.007476
1467879668.293969,1047.488269,580.657628,-46.328682,-12.424850,2.635199,9.447026,-14.020286,2.978595
1467879668.310601,1043.259103,579.340505,-46.337159,-12.487592,2.636885,9.505981,-14.052016,2.973522
1467879668.327347,1036.738881,584.197325,-46.038357,-12.413090,2.650607,9.522783,-14.036132,2.965852
1467879668.343947,1039.421810,588.800706,-46.120322,-12.382985,2.645687,9.548769,-14.010521,2.986794
1467879668.360594,1043.666687,589.675874,-45.953560,-12.314482,2.651466,9.592254,-13.973077,2.986466
1467879668.377120,1036.545220,588.271167,-45.937604,-12.262337,2.649926,9.603119,-13.925579,2.974189
1467879668.393873,1026.668805,630.602083,-45.953307,-12.194763,2.652407,9.330384,-13.294258,2.946234
1467879668.410491,1025.499435,624.065642,-46.002929,-12.160275,2.653917,9.255159,-13.188383,2.936511
1467879668.427336,1024.483792,618.538790,-45.988476,-12.098330,2.657706,9.317890,-13.182392,2.913249
1467879668.443809,1021.134389,616.241972,-45.799828,-12.016503,2.664633,9.466646,-13.280315,2.906479
1467879668.460680,1012.799706,619.909679,-45.760899,-11.974456,2.667200,9.453509,-13.116592,2.904188
1467879668.477225,1019.429286,594.833386,-45.648098,-11.919910,2.657491,9.808983,-13.536022,2.929082
1467879668.493888,1019.940034,601.410124,-45.574212,-11.819382,2.657816,9.885417,-13.525889,2.930637
1467879668.510465,1068.949695,621.329906,-45.346207,-11.814634,2.668435,10.182173,-13.542623,2.955820
1467879668.527168,1139.386676,613.736187,-45.006017,-11.832451,2.675069,10.734454,-13.558319,2.968536
1467879668.543745,1143.435128,614.394993,-44.757694,-11.763487,2.677986,10.779684,-13.469738,2.975551
1467879668.560449,1146.419999,601.972468,-44.661780,-11.715051,2.675967,10.897826,-13.499269,2.975491
1467879668.577095,1146.802437,602.012597,-44.516005,-11.667507,2.666254,11.067259,-13.472036,2.989507
1467879668.593867,1146.116109,599.429290,-44.307870,-11.535601,2.660749,11.338498,-13.502360,2.976519
1467879668.610438,1148.166937,599.111347,-44.157567,-11.477701,2.665015,11.473084,-13.390358,2.972027
1467879668.627194,1146.662971,596.474702,-44.001519,-11.384276,2.675131,11.832360,-13.466156,2.985761
1467879668.643743,1145.767327,592.131508,-43.891400,-11.325102,2.669401,12.147998,-13.543611,3.001422
1467879668.660424,1146.766549,594.452031,-43.718423,-11.253860,2.673862,12.308739,-13.477386,3.000214
1467879668.677026,1146.203858,591.450368,-43.572375,-11.190174,2.675279,12.457189,-13.431469,3.006925
1467879668.693734,1147.556888,592.961891,-43.417319,-11.163187,2.679493,12.589789,-13.375063,3.010101
1467879668.710495,1145.776179,594.533266,-43.199711,-11.125130,2.693256,12.730462,-13.375118,3.020831
1467879668.727238,1147.946592,593.814948,-43.055448,-11.106127,2.689864,12.900472,-13.405994,3.032083
1467879668.743626,1140.693087,599.318753,-42.950842,-11.064637,2.689095,13.130764,-13.459275,3.026475
1467879668.760448,1192.837170,586.720118,-42.658694,-11.142253,2.688518,14.172971,-14.247225,3.076593
1467879668.777051,1176.688590,573.521350,-42.457097,-11.136741,2.677197,14.290292,-14.313614,3.080325
1467879668.793771,1202.268220,581.829847,-42.870967,-11.146415,2.689392,14.184936,-14.125554,3.080689
1467879668.810343,1177.922471,574.576569,-42.518294,-11.058526,2.679157,14.219868,-14.086654,3.089610
1467879668.827043,1158.282332,575.667432,-42.512931,-11.049169,2.673767,14.209230,-14.038969,3.087719
1467879668.843679,1184.340709,582.093462,-42.499574,-11.016304,2.659879,14.161736,-13.935224,3.086446
1467879668.860566,1181.658801,585.671054,-42.356553,-10.994556,2.663623,13.984778,-13.782298,3.068558
1467879668.877017,1182.799958,588.289416,-42.455052,-11.014673,2.667907,14.194837,-13.959959,3.077837
1467879668.893807,1191.352028,575.497404,-42.496912,-11.064300,2.664378,14.205213,-14.068871,3.085682
1467879668.910390,1179.639152,588.670331,-42.638235,-11.062858,2.658791,13.945374,-13.890207,3.097710
1467879668.926985,1057.408040,599.618381,-43.393701,-11.136314,2.670712,13.045409,-13.571644,3.083169
1467879668.943568,1040.915034,587.661889,-42.939545,-11.064685,2.673024,13.406426,-14.044849,3.094432
1467879668.960396,1051.360188,608.327695,-43.300583,-11.189283,2.672486,12.839445,-13.604704,3.088308
1467879668.976770,1050.019141,610.103677,-43.297478,-11.261730,2.675071,12.930170,-13.703119,3.097719
1467879668.993433,1059.278472,618.660307,-43.796799,-11.452227,2.686170,12.626656,-13.452979,3.078279
1467879669.010086,1040.093112,628.583632,-43.532438,-11.390178,2.686902,12.745451,-13.526139,3.075941
1467879669.026752,1055.466848,615.734355,-43.387343,-11.431570,2.683871,12.658277,-13.632336,3.051245
1467879669.043312,1055.325311,623.760686,-43.388239,-11.456623,2.676736,12.601183,-13.570690,3.049252
1467879669.059992,1048.604705,622.481344,-43.401597,-11.491717,2.678518,12.715975,-13.646945,3.043912
1467879669.076639,1057.444846,600.463314,-43.188391,-11.474886,2.679721,12.817814,-13.848206,3.041591
1467879669.093297,1039.017954,584.405898,-43.227997,-11.507075,2.674170,13.425055,-14.295851,3.053237
1467879669.109878,1058.557290,624.341556,-43.290610,-11.538261,2.663352,12.935098,-13.761109,3.032677
1467879669.126634,1060.252874,617.827675,-43.319530,-11.599463,2.678557,12.995104,-13.718319,3.019911
1467879669.143369,1061.892380,617.575868,-42.863885,-11.497480,2.698259,13.253139,-13.763097,3.003791
1467879669.159944,1111.278340,625.314265,-42.454684,-11.485149,2.693214,13.608642,-13.729770,2.987283
1467879669.176580,1097.417962,620.020719,-42.328465,-11.489673,2.703375,14.241643,-14.133401,2.984773
1467879669.193271,1128.844155,623.925240,-42.144489,-11.464717,2.693311,13.936107,-13.827326,2.979662
1467879669.209906,1118.414555,624.788045,-42.023869,-11.469146,2.689395,14.069121,-13.890132,2.970635
1467879669.226557,1117.344691,624.158008,-41.785162,-11.425874,2.692505,14.481018,-14.161432,2.986614
1467879669.243178,1125.353874,630.262784,-41.796141,-11.494403,2.682332,14.236295,-13.979159,2.986709
1467879669.259967,1125.619692,624.713296,-41.643489,-11.542959,2.680175,14.615163,-14.249959,2.983735
1467879669.276620,1125.666353,617.165514,-41.623041,-11.574050,2.671095,14.480093,-14.227614,2.982622
1467879669.293430,1129.430603,609.097880,-41.527003,-11.591431,2.680911,14.604774,-14.325686,2.988305
1467879669.309923,1132.449740,614.258259,-41.513676,-11.625252,2.673111,14.583230,-14.301159,2.998244
1467879669.326690,1131.324519,617.118510,-41.353045,-11.589088,2.676764,14.688107,-14.291749,3.004945
1467879669.343196,1131.118488,621.241246,-41.272564,-11.630377,2.679082,14.675721,-14.275739,3.013951
1467879669.359931,1129.971569,621.452377,-41.108599,-11.613803,2.664291,14.737865,-14.243842,3.003289
1467879669.376450,1130.749535,626.439660,-41.152555,-11.600925,2.672340,14.792882,-14.225946,3.000301
1467879669.393156,1131.613798,625.157074,-41.136713,-11.648538,2.662129,14.805130,-14.195496,2.990591
1467879669.409786,1131.376875,624.016320,-40.947007,-11.618349,2.666308,14.922632,-14.242033,3.000397
1467879669.426476,1160.752365,628.573292,-40.904843,-11.628768,2.675513,15.187829,-14.263643,3.002903
1467879669.443190,1176.400245,612.212409,-40.859259,-11.643125,2.678234,15.457077,-14.551084,3.014240
1467879669.459794,1171.269313,594.045832,-40.838715,-11.653634,2.668146,16.024622,-15.028979,3.036912
1467879669.476455,1182.308734,608.576196,-40.730819,-11.684712,2.678308,15.929395,-14.877343,3.033192
1467879669.493175,1180.780217,604.670044,-40.771193,-11.705902,2.674661,16.021806,-14.905467,3.045587
1467879669.509846,1183.517954,594.543942,-40.740155,-11.774437,2.668037,16.285067,-15.130313,3.071335
1467879669.526430,1182.670953,594.329561,-41.130409,-11.995783,2.682037,16.278865,-15.127288,3.078988
1467879669.543086,1184.142418,584.634019,-41.035537,-12.074041,2.695668,16.463211,-15.310891,3.062176
1467879669.559750,1188.027655,582.684871,-41.161928,-12.197475,2.702442,16.447979,-15.360896,3.074048
1467879669.576477,1193.544071,572.193457,-41.368783,-12.340344,2.707519,16.596965,-15.501695,3.071304
1467879669.593090,1190.824471,557.592077,-41.378861,-12.442061,2.715155,16.618351,-15.569945,3.053180
1467879669.609700,1191.712406,580.500093,-41.449519,-12.553884,2.723336,16.487971,-15.440511,3.034458
1467879669.626412,1178.473917,611.179529,-41.439438,-12.657612,2.736897,16.417168,-15.246553,3.018988
1467879669.643069,1167.139293,611.523508,-41.431709,-12.736526,2.740011,16.412488,-15.238638,3.023161
1467879669.659721,1163.367052,613.417999,-41.135671,-12.754348,2.749828,16.372848,-15.190843,2.999368
1467879669.676360,1168.685862,599.289561,-41.133553,-12.815562,2.745408,16.815764,-15.653549,3.009096
1467879669.693032,1188.428737,564.607683,-41.023735,-12.826799,2.752609,17.173208,-16.099931,3.017587
1467879669.709777,1192.152284,563.079225,-41.131748,-12.873649,2.757798,17.298481,-16.171619,3.030030
1467879669.726401,1192.812808,567.772594,-41.066148,-12.856699,2.759337,17.327125,-16.030221,3.047433
1467879669.743108,1187.185221,566.291340,-40.955073,-12.802645,2.755199,17.346121,-15.880980,3.034653
1467879669.759667,1189.473551,564.410599,-40.876038,-12.739237,2.752343,17.515172,-15.815141,3.031345
1467879669.776330,1193.423795,565.586565,-40.705119,-12.669766,2.744443,17.606936,-15.723476,3.031536
1467879669.793030,1155.202166,585.586831,-38.555266,-12.034448,2.727664,17.365526,-15.306658,3.045028
1467879669.809655,1178.619441,599.656148,-39.645616,-12.322578,2.722952,17.496020,-15.211289,3.062048
1467879669.826326,1191.235444,602.442590,-40.502735,-12.561895,2.731849,17.351663,-14.976930,3.057763
1467879669.842979,1187.227036,598.257659,-40.303987,-12.518760,2.731429,17.595806,-15.063658,3.052988
1467879669.859607,1182.407140,601.027577,-40.063072,-12.496782,2.718583,17.744387,-15.133706,3.045355
1467879669.876285,1182.447120,598.868414,-40.098563,-12.560441,2.737663,17.551782,-15.042270,3.053055
1467879669.892964,1185.399157,603.550690,-40.026356,-12.609367,2.736076,17.869945,-15.307585,3.057992
1467879669.909695,1185.946733,606.862664,-40.096643,-12.695561,2.740140,17.443770,-15.113157,3.044726
1467879669.926273,1190.471578,604.417572,-40.165742,-12.760097,2.755556,17.635853,-15.348038,3.037575
1467879669.942972,1189.355250,603.337643,-40.043624,-12.761863,2.748677,17.859868,-15.588307,3.055820
1467879669.959601,1185.509403,600.900774,-40.253701,-12.842077,2.742790,17.708017,-15.603104,3.055053
1467879669.976327,1183.261475,604.958431,-40.204738,-12.830224,2.734390,17.560036,-15.533498,3.036393
1467879669.992918,1164.376005,613.387866,-38.284203,-12.290915,2.718511,17.518609,-15.558486,3.040042
1467879670.009635,1183.405348,608.772365,-39.099076,-12.482874,2.714801,17.207679,-15.387211,3.049279
1467879670.026293,1185.087024,600.266415,-40.143272,-12.817974,2.719437,17.233565,-15.437996,3.025797
1467879670.042946,1185.668409,601.823200,-40.217425,-12.807934,2.719123,17.281295,-15.458774,3.027789
1467879670.059670,1188.223836,596.413513,-40.237807,-12.764965,2.708814,17.219792,-15.432831,3.004586
1467879670.076222,1185.034264,599.301280,-40.218303,-12.729816,2.714014,17.029506,-15.302685,2.988064
1467879670.092872,1184.408195,600.217482,-40.261858,-12.717007,2.717437,17.042551,-15.317612,2.995500
1467879670.109587,1184.591926,603.057263,-40.375900,-12.706862,2.718473,16.937934,-15.250365,2.993874
1467879670.126338,1175.887652,599.748427,-40.326492,-12.663024,2.721374,17.031794,-15.326673,2.986306
1467879670.142895,1179.884800,603.243007,-40.417161,-12.676136,2.729666,16.982656,-15.327642,2.985702
1467879670.159567,1180.759680,597.131117,-40.580888,-12.696315,2.724191,16.924786,-15.347160,2.973612
1467879670.176177,1178.458232,584.358415,-40.541137,-12.772245,2.727216,16.866132,-15.487831,2.971751
1467879670.192865,1178.855840,594.646933,-40.552774,-12.792812,2.719662,16.940158,-15.435669,2.957443
1467879670.209497,1181.152251,596.221276,-40.639520,-12.828119,2.717268,16.893831,-15.467407,2.952029
1467879670.226274,1180.390466,592.652797,-40.606963,-12.820480,2.722471,16.803923,-15.476483,2.947680
1467879670.242860,1178.223057,597.482352,-40.602136,-12.822977,2.719922,16.750962,-15.429077,2.941566
1467879670.259479,1178.794322,600.606264,-40.595049,-12.850616,2.717530,16.749880,-15.433383,2.937231
1467879670.276168,1179.808535,597.865830,-40.555801,-12.913412,2.718161,16.756559,-15.431709,2.938759
1467879670.292835,1175.957924,597.062382,-40.311676,-12.884468,2.709361,16.854709,-15.526699,2.936970
1467879670.309550,1174.070877,586.911216,-39.542178,-12.681249,2.700900,16.876060,-15.656178,2.935527
1467879670.326452,1176.942432,588.626116,-39.716179,-12.784572,2.699569,16.947997,-15.750591,2.928062
1467879670.342885,1178.137290,585.752849,-39.784356,-12.944257,2.697775,16.911316,-15.782376,2.929164
1467879670.359627,1176.906428,586.014115,-40.144582,-13.161521,2.699681,17.051111,-15.908792,2.931887
1467879670.376276,1174.374710,604.627414,-39.815628,-13.152774,2.701451,17.183041,-15.948482,2.934947
1467879670.392825,1174.154216,596.010017,-39.693277,-13.266566,2.704701,17.322966,-16.027327,2.938006
1467879670.409640,1172.724168,597.114550,-39.785875,-13.363162,2.725836,17.343664,-16.084363,2.957924
1467879670.426248,1172.405209,602.038875,-39.278084,-13.293547,2.725082,17.475734,-16.149091,2.962330
1467879670.442897,1174.089354,602.025466,-39.631305,-13.457737,2.723481,17.497116,-16.195703,2.963529
1467879670.459677,1173.347806,618.339304,-39.110588,-13.333968,2.710323,17.620492,-16.272575,2.963119
1467879670.476165,1163.652929,616.304856,-38.786096,-13.340384,2.714710,17.730628,-16.327463,2.970702
1467879670.492904,1169.153685,607.684920,-39.069824,-13.603839,2.728760,17.868965,-16.463469,2.982909
1467879670.509572,1170.526630,603.327849,-38.822314,-13.622105,2.725622,17.943187,-16.557444,2.996490
1467879670.526116,1167.484804,605.697592,-38.576401,-13.660177,2.715843,18.067339,-16.661694,3.017116
1467879670.542874,1167.218255,617.039368,-38.700389,-13.740805,2.716405,18.102393,-16.784604,3.023955
1467879670.559558,1172.275159,615.146613,-38.534411,-13.824415,2.702841,18.148818,-16.917928,3.024392
1467879670.576258,1168.186667,605.042026,-38.578496,-13.975456,2.704376,18.254670,-17.043705,3.005775
1467879670.592988,1168.994995,601.137928,-38.494406,-14.029462,2.717566,18.401028,-17.170289,3.007165
1467879670.609387,1168.360888,599.162925,-38.458345,-14.076776,2.715005,18.430530,-17.197221,3.005574
1467879670.626203,1162.951759,590.664440,-38.324075,-14.132263,2.712866,18.556313,-17.315045,3.000540
1467879670.642733,1170.569418,593.292008,-38.303572,-14.220150,2.709298,18.598597,-17.298191,2.995440
1467879670.659507,1172.574848,596.339048,-38.115191,-14.249380,2.709019,18.614442,-17.381497,3.000621
1467879670.676089,1164.797988,599.807157,-38.186443,-14.298045,2.719179,18.708818,-17.467532,2.997580
1467879670.692958,1170.916536,594.781958,-38.217289,-14.411195,2.712318,18.850728,-17.588722,3.004948
1467879670.709615,1175.067030,592.796723,-38.209140,-14.479804,2.712121,18.783450,-17.620503,3.018842
1467879670.726300,1174.335268,594.929422,-38.090525,-14.570839,2.702836,18.854360,-17.692355,3.032808
1467879670.743107,1165.480215,596.705745,-38.084175,-14.563393,2.695701,19.023283,-17.821687,3.037083
1467879670.759671,1176.227741,596.004001,-38.117342,-14.597008,2.693718,18.946224,-17.839408,3.029162
1467879670.776387,1174.137531,599.658867,-38.123201,-14.630126,2.695363,18.943385,-17.857200,3.018050
1467879670.793149,1181.890219,597.950154,-38.145170,-14.665186,2.689803,18.818120,-17.880649,3.029053
1467879670.809542,1185.628507,597.818705,-38.166240,-14.690858,2.690436,18.686821,-17.794982,3.029043
1467879670.826335,1180.537164,599.185565,-38.180609,-14.725205,2.703021,18.626676,-17.762971,3.015466
1467879670.842958,1183.087343,599.024846,-38.197132,-14.736306,2.710320,18.696497,-17.854858,3.020193
1467879670.859396,1183.996600,602.538444,-38.211937,-14.768311,2.708785,18.582467,-17.803596,3.012201
1467879670.876212,1183.997976,600.928120,-38.152435,-14.783650,2.722727,18.496477,-17.772334,3.014654
1467879670.892936,1183.268875,605.130073,-38.176651,-14.789866,2.728037,18.897336,-18.033413,3.028120
1467879670.909590,1185.032113,606.811953,-38.178199,-14.763878,2.717721,18.433263,-17.756833,3.029083
1467879670.926187,1182.012432,608.518523,-38.179526,-14.750631,2.727605,18.954264,-18.109502,3.056330
1467879670.942857,1180.412673,610.497271,-38.180425,-14.729195,2.724038,18.632487,-17.815364,3.058785
1467879670.959727,1184.157183,608.415665,-38.141013,-14.688849,2.721177,18.418179,-17.687633,3.057962
1467879670.976148,1185.668639,607.608902,-38.160727,-14.736835,2.728478,18.438757,-17.727859,3.067112
1467879670.992955,1180.232389,609.655148,-38.172305,-14.739905,2.728347,18.438416,-17.747712,3.059852
1467879671.009482,1178.424698,609.803948,-38.174965,-14.730248,2.735978,18.310354,-17.688552,3.035682
1467879671.026138,1179.803360,610.948946,-38.166648,-14.701664,2.750859,18.432424,-17.721240,3.032256
1467879671.042925,1176.540377,609.965236,-38.161321,-14.650811,2.737155,18.293796,-17.673919,3.023004
1467879671.059505,1175.002721,612.176728,-38.148004,-14.622190,2.732632,18.329280,-17.670404,3.036905
1467879671.075984,1179.291498,611.788262,-38.135510,-14.615999,2.716076,18.258768,-17.664139,3.058543
1467879671.092779,1171.872926,609.861973,-38.134815,-14.599059,2.717052,18.281985,-17.676869,3.061342
1467879671.109362,1170.497671,612.729443,-38.121311,-14.587854,2.717441,18.483443,-17.765417,3.077176
1467879671.125963,1172.850776,610.692994,-38.149614,-14.574303,2.719020,18.353232,-17.743899,3.078614
1467879671.142671,1174.169519,608.597968,-38.179546,-14.594377,2.710031,18.267972,-17.721077,3.075240
1467879671.159283,1172.521250,611.088336,-38.210032,-14.613825,2.712345,18.359319,-17.778692,3.071898
1467879671.175970,1171.868534,615.168498,-38.212273,-14.620141,2.706754,18.361721,-17.768163,3.079366
1467879671.192800,1180.309212,612.195598,-38.217493,-14.620137,2.711789,18.273431,-17.797397,3.084195
1467879671.209370,1175.692562,609.218298,-38.226450,-14.631547,2.719562,18.283605,-17.810411,3.075034
1467879671.225975,1176.229304,613.997425,-38.199409,-14.615725,2.726947,18.430208,-17.867350,3.094427
1467879671.242562,1173.215448,612.060248,-38.176986,-14.615049,2.734988,18.464433,-17.922103,3.105110
1467879671.259396,1178.822543,612.378251,-38.184306,-14.633567,2.722338,18.328231,-17.878838,3.108303
1467879671.275985,1177.621669,610.382307,-38.139524,-14.645379,2.726812,18.564409,-18.054366,3.123060
1467879671.292704,1178.326234,606.510818,-38.101260,-14.619773,2.731409,18.255938,-17.948315,3.094604
1467879671.309334,1180.864119,609.382134,-38.142699,-14.632742,2.730124,18.203451,-17.941134,3.107165
1467879671.326032,1176.567456,603.342007,-38.051750,-14.670576,2.722254,18.270498,-17.996612,3.105105
1467879671.342624,1180.751246,602.148130,-37.947445,-14.683258,2.727527,18.111942,-17.913435,3.093888
1467879671.359250,1177.683464,601.476900,-37.877428,-14.673855,2.728136,18.131675,-17.924153,3.093786
1467879671.375818,1179.553374,605.465951,-37.928335,-14.623334,2.723373,18.046918,-17.870495,3.103830
1467879671.392461,1171.837636,608.516069,-37.643481,-14.629466,2.699529,18.248021,-17.992906,3.106740
1467879671.409090,1180.930173,607.918662,-37.857623,-14.633215,2.697275,18.143488,-17.979213,3.096885
1467879671.425747,1179.009738,607.685209,-37.853069,-14.651393,2.693225,18.087284,-17.945727,3.095614
1467879671.442418,1177.373824,609.017213,-37.868783,-14.694915,2.702480,18.106278,-17.968957,3.108839
1467879671.459071,1178.318134,614.160328,-37.965054,-14.739956,2.700386,18.154112,-18.010100,3.109483
1467879671.475801,1169.014365,614.021775,-37.894048,-14.770519,2.699013,18.339649,-18.184184,3.112008
1467879671.492421,1177.100233,609.165685,-37.829634,-14.834642,2.703753,18.717524,-18.403910,3.122397
1467879671.508988,1170.776106,617.644724,-37.844075,-14.899746,2.717135,18.624823,-18.403491,3.139861
1467879671.525699,1167.771641,613.851793,-37.712971,-14.950660,2.722428,18.721766,-18.517112,3.140540
1467879671.542370,1165.816747,615.932660,-37.699952,-15.025689,2.741469,18.716258,-18.605684,3.158450
1467879671.559032,1172.042612,613.297087,-37.786825,-15.115127,2.748578,18.826780,-18.738581,3.158905
1467879671.575709,1166.606331,609.269004,-37.833332,-15.163779,2.748934,18.821462,-18.797001,3.166358
